"imfcode","year","CvHOwnPerc"
614,1995,50
614,1996,40
614,1997,40
614,1998,40
614,1999,50
614,2000,50
614,2001,50
614,2002,50
614,2003,44.4444444444444
614,2004,44.4444444444444
614,2005,50
614,2006,50
614,2007,50
614,2008,50
614,2009,50
914,1995,25
914,1996,40
914,1997,50
914,1998,62.5
914,1999,62.5
914,2000,75
914,2001,75
914,2002,75
914,2003,70
914,2004,72.7272727272727
914,2005,81.8181818181818
914,2006,76.9230769230769
914,2007,84.6153846153846
914,2008,83.3333333333333
914,2009,83.3333333333333
466,1995,17.6470588235294
466,1996,17.6470588235294
466,1997,17.6470588235294
466,1998,17.6470588235294
466,1999,17.6470588235294
466,2000,17.6470588235294
466,2001,17.6470588235294
466,2002,17.6470588235294
466,2003,17.6470588235294
466,2004,17.6470588235294
466,2005,17.6470588235294
466,2006,17.6470588235294
466,2007,17.6470588235294
466,2008,21.0526315789474
466,2009,21.0526315789474
213,1995,22.2222222222222
213,1996,24.3478260869565
213,1997,29.3577981651376
213,1998,32.0388349514563
213,1999,36.9565217391304
213,2000,36.6666666666667
213,2001,36.9047619047619
213,2002,34.2105263157895
213,2003,35.6164383561644
213,2004,34.7222222222222
213,2005,33.8028169014084
213,2006,33.8028169014084
213,2007,34.7826086956522
213,2008,34.7826086956522
213,2009,34.7826086956522
911,1995,16.6666666666667
911,1996,16.6666666666667
911,1997,16.6666666666667
911,1998,23.0769230769231
911,1999,28.5714285714286
911,2000,28.5714285714286
911,2001,35.7142857142857
911,2002,38.4615384615385
911,2003,38.4615384615385
911,2004,42.8571428571429
911,2005,50
911,2006,64.2857142857143
911,2007,64.2857142857143
911,2008,68.75
911,2009,75
311,1995,14.2857142857143
311,1996,12.5
311,1997,12.5
311,1998,12.5
311,1999,12.5
311,2000,12.5
311,2001,12.5
311,2002,22.2222222222222
311,2003,22.2222222222222
311,2004,22.2222222222222
311,2005,22.2222222222222
311,2006,22.2222222222222
311,2007,33.3333333333333
311,2008,33.3333333333333
311,2009,33.3333333333333
193,1995,36.3636363636364
193,1996,34.7826086956522
193,1997,39.1304347826087
193,1998,37.5
193,1999,37.5
193,2000,40
193,2001,40
193,2002,40
193,2003,40
193,2004,40
193,2005,40
193,2006,40
193,2007,40
193,2008,40
193,2009,40
122,1995,4.3956043956044
122,1996,5.43478260869565
122,1997,5.37634408602151
122,1998,5.26315789473684
122,1999,5.26315789473684
122,2000,7.4468085106383
122,2001,7.36842105263158
122,2002,8.33333333333333
122,2003,8.33333333333333
122,2004,9.375
122,2005,10.4166666666667
122,2006,10.4166666666667
122,2007,10.4166666666667
122,2008,10.4166666666667
122,2009,10.4166666666667
912,1995,5.26315789473684
912,1996,9.52380952380952
912,1997,9.52380952380952
912,1998,13.6363636363636
912,1999,13.6363636363636
912,2000,13.6363636363636
912,2001,13.6363636363636
912,2002,10
912,2003,10
912,2004,9.52380952380952
912,2005,10
912,2006,10
912,2007,14.2857142857143
912,2008,14.2857142857143
912,2009,14.2857142857143
618,1995,16.6666666666667
618,1996,16.6666666666667
618,1997,16.6666666666667
618,1998,16.6666666666667
618,1999,16.6666666666667
618,2000,16.6666666666667
618,2001,16.6666666666667
618,2002,16.6666666666667
618,2003,16.6666666666667
618,2004,16.6666666666667
618,2005,16.6666666666667
618,2006,20
618,2007,25
618,2008,50
618,2009,50
124,1995,33.3333333333333
124,1996,33.3333333333333
124,1997,32.3529411764706
124,1998,33.3333333333333
124,1999,34.375
124,2000,35.4838709677419
124,2001,39.3939393939394
124,2002,39.3939393939394
124,2003,39.3939393939394
124,2004,36.3636363636364
124,2005,37.5
124,2006,37.5
124,2007,37.5
124,2008,38.7096774193548
124,2009,41.9354838709677
638,1995,83.3333333333333
638,1996,83.3333333333333
638,1997,83.3333333333333
638,1998,83.3333333333333
638,1999,85.7142857142857
638,2000,85.7142857142857
638,2001,85.7142857142857
638,2002,85.7142857142857
638,2003,75
638,2004,75
638,2005,77.7777777777778
638,2006,77.7777777777778
638,2007,77.7777777777778
638,2008,77.7777777777778
638,2009,77.7777777777778
748,1995,80
748,1996,83.3333333333333
748,1997,83.3333333333333
748,1998,85.7142857142857
748,1999,87.5
748,2000,87.5
748,2001,87.5
748,2002,87.5
748,2003,87.5
748,2004,87.5
748,2005,87.5
748,2006,88.8888888888889
748,2007,88.8888888888889
748,2008,100
748,2009,100
513,1995,0
513,1996,5
513,1997,5
513,1998,4.76190476190476
513,1999,3.33333333333333
513,2000,3.33333333333333
513,2001,3.125
513,2002,3.125
513,2003,3.125
513,2004,3.125
513,2005,3.125
513,2006,3.125
513,2007,3.125
513,2008,3.125
513,2009,3.125
918,1995,22.2222222222222
918,1996,27.5862068965517
918,1997,31.0344827586207
918,1998,35.7142857142857
918,1999,46.4285714285714
918,2000,44.4444444444444
918,2001,48.1481481481481
918,2002,53.5714285714286
918,2003,57.1428571428571
918,2004,57.1428571428571
918,2005,60.7142857142857
918,2006,66.6666666666667
918,2007,66.6666666666667
918,2008,66.6666666666667
918,2009,66.6666666666667
419,1995,62.5
419,1996,62.5
419,1997,62.5
419,1998,55.5555555555556
419,1999,55.5555555555556
419,2000,55.5555555555556
419,2001,50
419,2002,50
419,2003,55.5555555555556
419,2004,63.6363636363636
419,2005,58.3333333333333
419,2006,58.3333333333333
419,2007,57.1428571428571
419,2008,60
419,2009,60
963,1995,11.1111111111111
963,1996,16.6666666666667
963,1997,20
963,1998,17.3913043478261
963,1999,20.8333333333333
963,2000,26.9230769230769
963,2001,42.8571428571429
963,2002,44.8275862068966
963,2003,42.8571428571429
963,2004,44.4444444444444
963,2005,51.8518518518518
963,2006,52
963,2007,58.3333333333333
963,2008,56.5217391304348
963,2009,56.5217391304348
913,1995,11.1111111111111
913,1996,15
913,1997,14.2857142857143
913,1998,14.2857142857143
913,1999,14.2857142857143
913,2000,27.2727272727273
913,2001,28.5714285714286
913,2002,31.8181818181818
913,2003,36.3636363636364
913,2004,36.3636363636364
913,2005,42.8571428571429
913,2006,42.8571428571429
913,2007,50
913,2008,55
913,2009,55
218,1995,26.6666666666667
218,1996,26.6666666666667
218,1997,28.5714285714286
218,1998,41.6666666666667
218,1999,45.4545454545455
218,2000,45.4545454545455
218,2001,45.4545454545455
218,2002,45.4545454545455
218,2003,45.4545454545455
218,2004,45.4545454545455
218,2005,45.4545454545455
218,2006,40
218,2007,40
218,2008,40
218,2009,40
223,1995,22.093023255814
223,1996,23.728813559322
223,1997,27.8409090909091
223,1998,31.4285714285714
223,1999,32.5443786982249
223,2000,34.1176470588235
223,2001,33.7423312883436
223,2002,33.9622641509434
223,2003,34.8101265822785
223,2004,35.0993377483444
223,2005,34.4594594594595
223,2006,34.7222222222222
223,2007,36.551724137931
223,2008,37.5
223,2009,38.0281690140845
316,1995,50
316,1996,50
316,1997,50
316,1998,50
316,1999,50
316,2000,50
316,2001,50
316,2002,50
316,2003,80
316,2004,100
316,2005,100
316,2006,100
316,2007,100
316,2008,100
316,2009,100
616,1995,60
616,1996,60
616,1997,50
616,1998,37.5
616,1999,37.5
616,2000,44.4444444444444
616,2001,44.4444444444444
616,2002,44.4444444444444
616,2003,44.4444444444444
616,2004,50
616,2005,50
616,2006,44.4444444444444
616,2007,44.4444444444444
616,2008,50
616,2009,50
156,1995,40.9090909090909
156,1996,41.304347826087
156,1997,44
156,1998,44
156,1999,44
156,2000,40
156,2001,40
156,2002,40.3846153846154
156,2003,41.5094339622642
156,2004,41.5094339622642
156,2005,40.7407407407407
156,2006,40.7407407407407
156,2007,40.7407407407407
156,2008,40.7407407407407
156,2009,40.7407407407407
146,1995,24.7191011235955
146,1996,24.1758241758242
146,1997,23.6559139784946
146,1998,23.6559139784946
146,1999,23.1578947368421
146,2000,23.1578947368421
146,2001,22.3404255319149
146,2002,22.1052631578947
146,2003,22.3404255319149
146,2004,22.1052631578947
146,2005,20.8333333333333
146,2006,22.9166666666667
146,2007,22.9166666666667
146,2008,22.9166666666667
146,2009,23.1578947368421
228,1995,46.875
228,1996,46.875
228,1997,48.3870967741936
228,1998,46.6666666666667
228,1999,50
228,2000,50
228,2001,46.1538461538462
228,2002,44.4444444444444
228,2003,44.4444444444444
228,2004,39.2857142857143
228,2005,40.7407407407407
228,2006,40.7407407407407
228,2007,48.1481481481481
228,2008,48.1481481481481
228,2009,48.1481481481481
924,1995,12.8205128205128
924,1996,13.3333333333333
924,1997,10.7692307692308
924,1998,9.45945945945946
924,1999,9.21052631578947
924,2000,8.75
924,2001,8.43373493975904
924,2002,7.95454545454545
924,2003,7.36842105263158
924,2004,6.66666666666667
924,2005,6.30630630630631
924,2006,5.98290598290598
924,2007,14.7286821705426
924,2008,17.1641791044776
924,2009,17.7777777777778
662,1995,66.6666666666667
662,1996,70
662,1997,63.6363636363636
662,1998,63.6363636363636
662,1999,63.6363636363636
662,2000,63.6363636363636
662,2001,75
662,2002,75
662,2003,75
662,2004,75
662,2005,75
662,2006,75
662,2007,75
662,2008,76.9230769230769
662,2009,75
622,1995,50
622,1996,50
622,1997,42.8571428571429
622,1998,42.8571428571429
622,1999,37.5
622,2000,55.5555555555556
622,2001,55.5555555555556
622,2002,55.5555555555556
622,2003,55.5555555555556
622,2004,55.5555555555556
622,2005,55.5555555555556
622,2006,60
622,2007,63.6363636363636
622,2008,72.7272727272727
622,2009,80
233,1995,20
233,1996,22.5
233,1997,26.8292682926829
233,1998,29.2682926829268
233,1999,28.125
233,2000,29.0322580645161
233,2001,28.5714285714286
233,2002,28.5714285714286
233,2003,25
233,2004,23.0769230769231
233,2005,23.8095238095238
233,2006,27.7777777777778
233,2007,27.7777777777778
233,2008,27.7777777777778
233,2009,27.7777777777778
238,1995,13.3333333333333
238,1996,13.3333333333333
238,1997,13.3333333333333
238,1998,15.2542372881356
238,1999,18.9655172413793
238,2000,18.1818181818182
238,2001,20.3703703703704
238,2002,20.3703703703704
238,2003,19.6078431372549
238,2004,20.4081632653061
238,2005,20.8333333333333
238,2006,20.4081632653061
238,2007,20.8333333333333
238,2008,17.7777777777778
238,2009,17.7777777777778
928,1995,0
928,1996,0
928,1997,0
928,1998,0
928,1999,0
928,2000,0
928,2001,0
928,2002,0
928,2003,0
928,2004,0
928,2005,0
928,2006,0
928,2007,0
928,2008,0
928,2009,0
423,1995,55
423,1996,57.1428571428571
423,1997,57.1428571428571
423,1998,57.1428571428571
423,1999,57.1428571428571
423,2000,57.1428571428571
423,2001,60
423,2002,61.9047619047619
423,2003,61.9047619047619
423,2004,57.8947368421053
423,2005,60
423,2006,60
423,2007,60
423,2008,60
423,2009,60
935,1995,38.2352941176471
935,1996,38.2352941176471
935,1997,38.2352941176471
935,1998,42.4242424242424
935,1999,51.8518518518518
935,2000,52
935,2001,54.1666666666667
935,2002,54.1666666666667
935,2003,56.5217391304348
935,2004,56.5217391304348
935,2005,54.5454545454545
935,2006,63.6363636363636
935,2007,68.1818181818182
935,2008,71.4285714285714
935,2009,71.4285714285714
134,1995,9.57446808510638
134,1996,9.47368421052632
134,1997,10.6382978723404
134,1998,10.3092783505155
134,1999,10.1010101010101
134,2000,11.2244897959184
134,2001,11.4583333333333
134,2002,12.3711340206186
134,2003,12.5
134,2004,12.3711340206186
134,2005,13.4020618556701
134,2006,13.4020618556701
134,2007,13.265306122449
134,2008,14.2857142857143
134,2009,14.4329896907216
128,1995,2.40963855421687
128,1996,2.40963855421687
128,1997,2.40963855421687
128,1998,3.6144578313253
128,1999,3.6144578313253
128,2000,5.88235294117647
128,2001,9.19540229885057
128,2002,9.19540229885057
128,2003,11.3636363636364
128,2004,11.3636363636364
128,2005,9.09090909090909
128,2006,8.98876404494382
128,2007,8.98876404494382
128,2008,7.95454545454545
128,2009,9.30232558139535
243,1995,4.65116279069767
243,1996,4.65116279069767
243,1997,4.65116279069767
243,1998,4.65116279069767
243,1999,4.34782608695652
243,2000,4.34782608695652
243,2001,6.38297872340426
243,2002,8.51063829787234
243,2003,11.1111111111111
243,2004,11.6279069767442
243,2005,12.1951219512195
243,2006,10
243,2007,10
243,2008,10
243,2009,10
612,1995,14.2857142857143
612,1996,14.2857142857143
612,1997,14.2857142857143
612,1998,25
612,1999,22.2222222222222
612,2000,41.6666666666667
612,2001,41.6666666666667
612,2002,46.6666666666667
612,2003,53.3333333333333
612,2004,53.3333333333333
612,2005,57.1428571428571
612,2006,57.1428571428571
612,2007,64.2857142857143
612,2008,64.2857142857143
612,2009,64.2857142857143
248,1995,17.9487179487179
248,1996,17.0731707317073
248,1997,17.9487179487179
248,1998,18.4210526315789
248,1999,21.875
248,2000,22.5806451612903
248,2001,17.8571428571429
248,2002,14.8148148148148
248,2003,14.8148148148148
248,2004,14.8148148148148
248,2005,14.8148148148148
248,2006,14.8148148148148
248,2007,14.8148148148148
248,2008,15.3846153846154
248,2009,19.2307692307692
469,1995,6.25
469,1996,6.25
469,1997,9.375
469,1998,12.5
469,1999,15.625
469,2000,15.625
469,2001,18.75
469,2002,18.75
469,2003,18.75
469,2004,19.3548387096774
469,2005,20.6896551724138
469,2006,44
469,2007,52
469,2008,52
469,2009,52
184,1995,4.3010752688172
184,1996,4.3010752688172
184,1997,5.37634408602151
184,1998,5.37634408602151
184,1999,5.43478260869565
184,2000,5.49450549450549
184,2001,6.38297872340426
184,2002,6.31578947368421
184,2003,6.38297872340426
184,2004,5.37634408602151
184,2005,5.37634408602151
184,2006,7.4468085106383
184,2007,7.36842105263158
184,2008,7.29166666666667
184,2009,7.4468085106383
939,1995,8.33333333333333
939,1996,7.69230769230769
939,1997,8.33333333333333
939,1998,11.1111111111111
939,1999,28.5714285714286
939,2000,42.8571428571429
939,2001,42.8571428571429
939,2002,42.8571428571429
939,2003,42.8571428571429
939,2004,57.1428571428571
939,2005,71.4285714285714
939,2006,71.4285714285714
939,2007,71.4285714285714
939,2008,71.4285714285714
939,2009,71.4285714285714
644,1995,0
644,1996,0
644,1997,0
644,1998,0
644,1999,0
644,2000,0
644,2001,0
644,2002,0
644,2003,0
644,2004,0
644,2005,0
644,2006,0
644,2007,0
644,2008,0
644,2009,0
172,1995,12.5
172,1996,12.5
172,1997,12.5
172,1998,12.5
172,1999,12.5
172,2000,12.5
172,2001,12.5
172,2002,12.5
172,2003,11.1111111111111
172,2004,11.1111111111111
172,2005,11.1111111111111
172,2006,20
172,2007,22.2222222222222
172,2008,22.2222222222222
172,2009,22.2222222222222
132,1995,7.36842105263158
132,1996,7.29166666666667
132,1997,7.14285714285714
132,1998,6.18556701030928
132,1999,6.52173913043478
132,2000,7.60869565217391
132,2001,7.36842105263158
132,2002,7.14285714285714
132,2003,7.14285714285714
132,2004,6.12244897959184
132,2005,6
132,2006,6.06060606060606
132,2007,6.06060606060606
132,2008,6
132,2009,6
112,1995,42.4657534246575
112,1996,44.7368421052632
112,1997,45.5696202531646
112,1998,46.8354430379747
112,1999,47.5
112,2000,48.1481481481481
112,2001,48.1481481481481
112,2002,48.8095238095238
112,2003,51.1363636363636
112,2004,53.4090909090909
112,2005,53.9325842696629
112,2006,53.9325842696629
112,2007,56.1797752808989
112,2008,56.8181818181818
112,2009,56.8181818181818
915,1995,0
915,1996,0
915,1997,0
915,1998,0
915,1999,16.6666666666667
915,2000,23.0769230769231
915,2001,16.6666666666667
915,2002,16.6666666666667
915,2003,21.4285714285714
915,2004,21.4285714285714
915,2005,30.7692307692308
915,2006,50
915,2007,58.3333333333333
915,2008,66.6666666666667
915,2009,66.6666666666667
652,1995,45.4545454545455
652,1996,46.1538461538462
652,1997,40
652,1998,40
652,1999,40
652,2000,40
652,2001,42.8571428571429
652,2002,40
652,2003,46.6666666666667
652,2004,52.9411764705882
652,2005,57.8947368421053
652,2006,52.3809523809524
652,2007,47.6190476190476
652,2008,47.6190476190476
652,2009,47.6190476190476
174,1995,14.2857142857143
174,1996,14.2857142857143
174,1997,7.14285714285714
174,1998,7.14285714285714
174,1999,7.69230769230769
174,2000,14.2857142857143
174,2001,12.5
174,2002,11.1111111111111
174,2003,15.7894736842105
174,2004,21.0526315789474
174,2005,21.0526315789474
174,2006,31.5789473684211
174,2007,27.7777777777778
174,2008,27.7777777777778
174,2009,27.7777777777778
258,1995,11.4285714285714
258,1996,11.4285714285714
258,1997,16.6666666666667
258,1998,16.6666666666667
258,1999,20
258,2000,20.5882352941176
258,2001,21.2121212121212
258,2002,21.2121212121212
258,2003,22.5806451612903
258,2004,22.2222222222222
258,2005,23.0769230769231
258,2006,26.0869565217391
258,2007,36.3636363636364
258,2008,40.9090909090909
258,2009,40.9090909090909
532,1995,66.6666666666667
532,1996,67.3469387755102
532,1997,68
532,1998,66.6666666666667
532,1999,68.8888888888889
532,2000,68.1818181818182
532,2001,69.7674418604651
532,2002,72.0930232558139
532,2003,73.1707317073171
532,2004,75.609756097561
532,2005,75.609756097561
532,2006,75
532,2007,74.3589743589744
532,2008,73.6842105263158
532,2009,76.3157894736842
268,1995,19.047619047619
268,1996,19.047619047619
268,1997,21.7391304347826
268,1998,21.7391304347826
268,1999,21.7391304347826
268,2000,26.0869565217391
268,2001,30.4347826086957
268,2002,35
268,2003,35.2941176470588
268,2004,41.1764705882353
268,2005,41.1764705882353
268,2006,41.1764705882353
268,2007,57.8947368421053
268,2008,55.5555555555556
268,2009,55.5555555555556
960,1995,6.38297872340426
960,1996,13.4615384615385
960,1997,18.1818181818182
960,1998,23.2142857142857
960,1999,27.7777777777778
960,2000,31.25
960,2001,33.3333333333333
960,2002,33.3333333333333
960,2003,25.5813953488372
960,2004,28.2051282051282
960,2005,31.5789473684211
960,2006,35.1351351351351
960,2007,43.2432432432432
960,2008,43.2432432432432
960,2009,43.2432432432432
263,1995,0
263,1996,0
263,1997,0
263,1998,0
263,1999,0
263,2000,0
263,2001,0
263,2002,0
263,2003,0
263,2004,0
263,2005,0
263,2006,0
263,2007,0
263,2008,0
263,2009,0
944,1995,66.6666666666667
944,1996,67.741935483871
944,1997,73.3333333333333
944,1998,74.1935483870968
944,1999,78.125
944,2000,78.125
944,2001,80.6451612903226
944,2002,78.5714285714286
944,2003,82.7586206896552
944,2004,85.1851851851852
944,2005,85.1851851851852
944,2006,89.6551724137931
944,2007,92.8571428571429
944,2008,92.5925925925926
944,2009,92.3076923076923
536,1995,24.0740740740741
536,1996,25.7142857142857
536,1997,26.2135922330097
536,1998,26.7326732673267
536,1999,29.8850574712644
536,2000,31.25
536,2001,29.3333333333333
536,2002,32.3943661971831
536,2003,30
536,2004,30.9859154929577
536,2005,34.2857142857143
536,2006,35.8208955223881
536,2007,47.7611940298507
536,2008,47.6923076923077
536,2009,49.2307692307692
534,1995,6.41025641025641
534,1996,6.49350649350649
534,1997,6.49350649350649
534,1998,7.69230769230769
534,1999,7.69230769230769
534,2000,7.79220779220779
534,2001,7.89473684210526
534,2002,9.21052631578947
534,2003,9.21052631578947
534,2004,9.33333333333333
534,2005,9.58904109589041
534,2006,11.2676056338028
534,2007,11.5942028985507
534,2008,11.9402985074627
534,2009,11.9402985074627
178,1995,79.1666666666667
178,1996,80.7692307692308
178,1997,80.7692307692308
178,1998,82.1428571428571
178,1999,78.5714285714286
178,2000,79.3103448275862
178,2001,82.7586206896552
178,2002,86.2068965517241
178,2003,86.2068965517241
178,2004,86.2068965517241
178,2005,86.2068965517241
178,2006,86.6666666666667
178,2007,87.0967741935484
178,2008,86.6666666666667
178,2009,86.6666666666667
429,1995,0
429,1996,0
429,1997,0
429,1998,0
429,1999,0
429,2000,0
429,2001,0
429,2002,0
429,2003,0
429,2004,0
429,2005,0
429,2006,0
429,2007,0
429,2008,0
429,2009,0
176,1995,0
176,1996,0
176,1997,0
176,1998,0
176,1999,0
176,2000,0
176,2001,0
176,2002,0
176,2003,0
176,2004,0
176,2005,0
176,2006,0
176,2007,0
176,2008,0
176,2009,0
436,1995,11.7647058823529
436,1996,11.7647058823529
436,1997,11.7647058823529
436,1998,11.7647058823529
436,1999,11.7647058823529
436,2000,11.7647058823529
436,2001,11.7647058823529
436,2002,13.3333333333333
436,2003,14.2857142857143
436,2004,0
436,2005,0
436,2006,0
436,2007,0
436,2008,0
436,2009,0
136,1995,3.40909090909091
136,1996,3.37078651685393
136,1997,3.37078651685393
136,1998,4.3956043956044
136,1999,5.37634408602151
136,2000,5.31914893617021
136,2001,5.26315789473684
136,2002,5.15463917525773
136,2003,5
136,2004,5
136,2005,5.05050505050505
136,2006,6
136,2007,10.4166666666667
136,2008,9.67741935483871
136,2009,9.78260869565217
343,1995,30
343,1996,30
343,1997,30
343,1998,30
343,1999,33.3333333333333
343,2000,33.3333333333333
343,2001,50
343,2002,62.5
343,2003,62.5
343,2004,71.4285714285714
343,2005,71.4285714285714
343,2006,71.4285714285714
343,2007,71.4285714285714
343,2008,71.4285714285714
343,2009,71.4285714285714
439,1995,11.1111111111111
439,1996,10
439,1997,10
439,1998,10
439,1999,10
439,2000,10
439,2001,10
439,2002,10
439,2003,10
439,2004,20
439,2005,30
439,2006,30
439,2007,30
439,2008,40
439,2009,40
158,1995,0
158,1996,0
158,1997,0
158,1998,0
158,1999,0
158,2000,0
158,2001,1.12359550561798
158,2002,1.0989010989011
158,2003,1.11111111111111
158,2004,1.08695652173913
158,2005,1.08695652173913
158,2006,1.0752688172043
158,2007,2.12765957446809
158,2008,1.06382978723404
158,2009,1.06382978723404
916,1995,20
916,1996,15
916,1997,28.5714285714286
916,1998,37.5
916,1999,34.6153846153846
916,2000,33.3333333333333
916,2001,34.4827586206897
916,2002,34.4827586206897
916,2003,31.0344827586207
916,2004,31.0344827586207
916,2005,32.1428571428571
916,2006,35.7142857142857
916,2007,39.2857142857143
916,2008,39.2857142857143
916,2009,39.2857142857143
664,1995,24.4444444444444
664,1996,24.4444444444444
664,1997,24.4444444444444
664,1998,25.5813953488372
664,1999,25.5813953488372
664,2000,26.8292682926829
664,2001,25.6410256410256
664,2002,25.6410256410256
664,2003,28.2051282051282
664,2004,28.2051282051282
664,2005,29.7297297297297
664,2006,29.7297297297297
664,2007,28.5714285714286
664,2008,31.4285714285714
664,2009,31.4285714285714
917,1995,50
917,1996,20
917,1997,42.8571428571429
917,1998,42.8571428571429
917,1999,37.5
917,2000,37.5
917,2001,37.5
917,2002,37.5
917,2003,50
917,2004,62.5
917,2005,62.5
917,2006,62.5
917,2007,62.5
917,2008,62.5
917,2009,62.5
522,1995,25
522,1996,22.2222222222222
522,1997,22.2222222222222
522,1998,33.3333333333333
522,1999,33.3333333333333
522,2000,44.4444444444444
522,2001,40
522,2002,33.3333333333333
522,2003,33.3333333333333
522,2004,33.3333333333333
522,2005,38.4615384615385
522,2006,35.7142857142857
522,2007,42.8571428571429
522,2008,42.8571428571429
522,2009,42.8571428571429
542,1995,0
542,1996,0
542,1997,0
542,1998,0
542,1999,0
542,2000,0
542,2001,6.25
542,2002,6.66666666666667
542,2003,12.5
542,2004,18.75
542,2005,18.75
542,2006,18.75
542,2007,18.75
542,2008,18.75
542,2009,18.75
443,1995,0
443,1996,0
443,1997,0
443,1998,0
443,1999,0
443,2000,0
443,2001,0
443,2002,0
443,2003,0
443,2004,0
443,2005,12.5
443,2006,11.1111111111111
443,2007,11.1111111111111
443,2008,11.1111111111111
443,2009,11.1111111111111
446,1995,28.125
446,1996,27.6923076923077
446,1997,28.5714285714286
446,1998,30.5084745762712
446,1999,30.3571428571429
446,2000,32.7272727272727
446,2001,32.7272727272727
446,2002,34
446,2003,34
446,2004,32
446,2005,34
446,2006,35.4166666666667
446,2007,39.5833333333333
446,2008,37.5
446,2009,37.5
672,1995,0
672,1996,0
672,1997,0
672,1998,0
672,1999,0
672,2000,0
672,2001,0
672,2002,0
672,2003,0
672,2004,0
672,2005,0
672,2006,0
672,2007,0
672,2008,0
672,2009,0
524,1995,0
524,1996,0
524,1997,0
524,1998,0
524,1999,0
524,2000,0
524,2001,0
524,2002,0
524,2003,0
524,2004,0
524,2005,0
524,2006,0
524,2007,0
524,2008,0
524,2009,0
946,1995,0
946,1996,0
946,1997,0
946,1998,9.09090909090909
946,1999,18.1818181818182
946,2000,50
946,2001,55.5555555555556
946,2002,66.6666666666667
946,2003,66.6666666666667
946,2004,66.6666666666667
946,2005,66.6666666666667
946,2006,66.6666666666667
946,2007,70
946,2008,70
946,2009,70
137,1995,96.969696969697
137,1996,97.0149253731343
137,1997,97.0588235294118
137,1998,97.1014492753623
137,1999,95.9459459459459
137,2000,95.8904109589041
137,2001,97.3333333333333
137,2002,97.3333333333333
137,2003,97.3684210526316
137,2004,97.3684210526316
137,2005,97.3684210526316
137,2006,97.3684210526316
137,2007,97.3684210526316
137,2008,97.3684210526316
137,2009,97.3684210526316
941,1995,12.5
941,1996,16.6666666666667
941,1997,26.9230769230769
941,1998,29.1666666666667
941,1999,31.8181818181818
941,2000,28.5714285714286
941,2001,27.2727272727273
941,2002,31.8181818181818
941,2003,31.8181818181818
941,2004,40.9090909090909
941,2005,45.4545454545455
941,2006,50
941,2007,57.1428571428571
941,2008,61.9047619047619
941,2009,61.9047619047619
686,1995,33.3333333333333
686,1996,33.3333333333333
686,1997,28.5714285714286
686,1998,35.7142857142857
686,1999,35.7142857142857
686,2000,35.7142857142857
686,2001,35.7142857142857
686,2002,30.7692307692308
686,2003,36.3636363636364
686,2004,40
686,2005,36.3636363636364
686,2006,40
686,2007,40
686,2008,40
686,2009,50
921,1995,7.69230769230769
921,1996,7.69230769230769
921,1997,21.4285714285714
921,1998,26.6666666666667
921,1999,31.25
921,2000,31.25
921,2001,31.25
921,2002,31.25
921,2003,31.25
921,2004,31.25
921,2005,31.25
921,2006,37.5
921,2007,41.1764705882353
921,2008,41.1764705882353
921,2009,43.75
674,1995,75
674,1996,75
674,1997,75
674,1998,80
674,1999,100
674,2000,100
674,2001,100
674,2002,100
674,2003,100
674,2004,100
674,2005,100
674,2006,100
674,2007,100
674,2008,100
674,2009,100
273,1995,31.8181818181818
273,1996,38.2978723404255
273,1997,43.75
273,1998,44.4444444444444
273,1999,43.1818181818182
273,2000,48.780487804878
273,2001,47.5
273,2002,56.0975609756098
273,2003,56.4102564102564
273,2004,54.0540540540541
273,2005,50
273,2006,47.3684210526316
273,2007,46.3414634146341
273,2008,47.6190476190476
273,2009,47.6190476190476
962,1995,0
962,1996,15.3846153846154
962,1997,15.3846153846154
962,1998,15.3846153846154
962,1999,21.4285714285714
962,2000,35.7142857142857
962,2001,37.5
962,2002,37.5
962,2003,43.75
962,2004,43.75
962,2005,46.6666666666667
962,2006,50
962,2007,64.2857142857143
962,2008,71.4285714285714
962,2009,71.4285714285714
678,1995,20
678,1996,16.6666666666667
678,1997,16.6666666666667
678,1998,28.5714285714286
678,1999,37.5
678,2000,37.5
678,2001,42.8571428571429
678,2002,37.5
678,2003,37.5
678,2004,37.5
678,2005,37.5
678,2006,44.4444444444444
678,2007,44.4444444444444
678,2008,55.5555555555556
678,2009,55.5555555555556
948,1995,0
948,1996,0
948,1997,0
948,1998,0
948,1999,0
948,2000,0
948,2001,14.2857142857143
948,2002,14.2857142857143
948,2003,14.2857142857143
948,2004,14.2857142857143
948,2005,14.2857142857143
948,2006,12.5
948,2007,12.5
948,2008,12.5
948,2009,12.5
688,1995,33.3333333333333
688,1996,33.3333333333333
688,1997,83.3333333333333
688,1998,85.7142857142857
688,1999,100
688,2000,100
688,2001,90.9090909090909
688,2002,90.9090909090909
688,2003,90
688,2004,90
688,2005,90
688,2006,90
688,2007,90
688,2008,90.9090909090909
688,2009,90.9090909090909
682,1995,25
682,1996,20
682,1997,20
682,1998,20
682,1999,16.6666666666667
682,2000,16.6666666666667
682,2001,16.6666666666667
682,2002,14.2857142857143
682,2003,14.2857142857143
682,2004,14.2857142857143
682,2005,14.2857142857143
682,2006,14.2857142857143
682,2007,25
682,2008,37.5
682,2009,37.5
684,1995,54.5454545454545
684,1996,58.3333333333333
684,1997,66.6666666666667
684,1998,66.6666666666667
684,1999,66.6666666666667
684,2000,69.2307692307692
684,2001,64.2857142857143
684,2002,66.6666666666667
684,2003,73.3333333333333
684,2004,73.3333333333333
684,2005,71.4285714285714
684,2006,71.4285714285714
684,2007,66.6666666666667
684,2008,69.2307692307692
684,2009,69.2307692307692
676,1995,42.8571428571429
676,1996,42.8571428571429
676,1997,42.8571428571429
676,1998,42.8571428571429
676,1999,42.8571428571429
676,2000,37.5
676,2001,50
676,2002,50
676,2003,50
676,2004,50
676,2005,50
676,2006,42.8571428571429
676,2007,42.8571428571429
676,2008,42.8571428571429
676,2009,42.8571428571429
548,1995,26.4150943396226
548,1996,25
548,1997,24.5283018867925
548,1998,24.0740740740741
548,1999,25
548,2000,26
548,2001,31.8181818181818
548,2002,29.5454545454545
548,2003,29.5454545454545
548,2004,30.2325581395349
548,2005,31.1111111111111
548,2006,32.5581395348837
548,2007,33.3333333333333
548,2008,33.3333333333333
548,2009,33.3333333333333
NA,1995,60
NA,1996,50
NA,1997,50
NA,1998,50
NA,1999,50
NA,2000,50
NA,2001,50
NA,2002,42.8571428571429
NA,2003,42.8571428571429
NA,2004,42.8571428571429
NA,2005,42.8571428571429
NA,2006,42.8571428571429
NA,2007,42.8571428571429
NA,2008,42.8571428571429
NA,2009,42.8571428571429
692,1995,75
692,1996,75
692,1997,75
692,1998,75
692,1999,83.3333333333333
692,2000,83.3333333333333
692,2001,83.3333333333333
692,2002,83.3333333333333
692,2003,83.3333333333333
692,2004,83.3333333333333
692,2005,83.3333333333333
692,2006,85.7142857142857
692,2007,85.7142857142857
692,2008,85.7142857142857
692,2009,85.7142857142857
694,1995,4.61538461538462
694,1996,4.54545454545455
694,1997,4.54545454545455
694,1998,4.54545454545455
694,1999,8.95522388059701
694,2000,12.6760563380282
694,2001,12.3287671232877
694,2002,11.1111111111111
694,2003,11.1111111111111
694,2004,10.958904109589
694,2005,9.52380952380952
694,2006,15.7894736842105
694,2007,15.7894736842105
694,2008,15.7894736842105
694,2009,15.7894736842105
278,1995,16.6666666666667
278,1996,16.6666666666667
278,1997,33.3333333333333
278,1998,33.3333333333333
278,1999,36.3636363636364
278,2000,50
278,2001,57.1428571428571
278,2002,50
278,2003,50
278,2004,50
278,2005,40
278,2006,66.6666666666667
278,2007,66.6666666666667
278,2008,83.3333333333333
278,2009,83.3333333333333
138,1995,44.8275862068966
138,1996,46.6666666666667
138,1997,46.6666666666667
138,1998,50
138,1999,50
138,2000,46.875
138,2001,46.875
138,2002,46.875
138,2003,46.875
138,2004,46.875
138,2005,43.75
138,2006,43.75
138,2007,40.625
138,2008,37.5
138,2009,37.5
142,1995,1.04166666666667
142,1996,1.03092783505155
142,1997,1.02040816326531
142,1998,1.02040816326531
142,1999,1.02040816326531
142,2000,1.02040816326531
142,2001,1.02040816326531
142,2002,1.02040816326531
142,2003,1.01010101010101
142,2004,1.01010101010101
142,2005,1.01010101010101
142,2006,1.01010101010101
142,2007,1.01010101010101
142,2008,1.01010101010101
142,2009,1.01010101010101
558,1995,36.3636363636364
558,1996,30.7692307692308
558,1997,30.7692307692308
558,1998,25
558,1999,25
558,2000,25
558,2001,22.2222222222222
558,2002,15
558,2003,15
558,2004,15
558,2005,15
558,2006,15
558,2007,12.5
558,2008,12.5
558,2009,12.5
196,1995,50
196,1996,62.5
196,1997,62.5
196,1998,62.5
196,1999,62.5
196,2000,62.5
196,2001,55.5555555555556
196,2002,55.5555555555556
196,2003,55.5555555555556
196,2004,66.6666666666667
196,2005,66.6666666666667
196,2006,66.6666666666667
196,2007,66.6666666666667
196,2008,66.6666666666667
196,2009,66.6666666666667
449,1995,0
449,1996,0
449,1997,0
449,1998,0
449,1999,0
449,2000,0
449,2001,0
449,2002,0
449,2003,0
449,2004,0
449,2005,0
449,2006,0
449,2007,0
449,2008,0
449,2009,0
564,1995,4.54545454545455
564,1996,4.54545454545455
564,1997,9.09090909090909
564,1998,9.09090909090909
564,1999,13.6363636363636
564,2000,19.047619047619
564,2001,14.2857142857143
564,2002,13.0434782608696
564,2003,12
564,2004,12
564,2005,16
564,2006,29.6296296296296
564,2007,34.6153846153846
564,2008,38.4615384615385
564,2009,38.4615384615385
283,1995,64.1025641025641
283,1996,63.75
283,1997,62.6506024096386
283,1998,60.9756097560976
283,1999,60.2564102564103
283,2000,58.9041095890411
283,2001,57.9710144927536
283,2002,61.9718309859155
283,2003,61.6438356164384
283,2004,61.7647058823529
283,2005,61.7647058823529
283,2006,61.7647058823529
283,2007,62.6865671641791
283,2008,65.1515151515152
283,2009,66.1538461538461
293,1995,33.3333333333333
293,1996,39.1304347826087
293,1997,42.3076923076923
293,1998,48
293,1999,50
293,2000,58.8235294117647
293,2001,62.5
293,2002,62.5
293,2003,60
293,2004,60
293,2005,57.1428571428571
293,2006,60
293,2007,62.5
293,2008,62.5
293,2009,62.5
566,1995,11.9047619047619
566,1996,15.2173913043478
566,1997,14.8148148148148
566,1998,15.5172413793103
566,1999,17.2413793103448
566,2000,16.9811320754717
566,2001,15.6862745098039
566,2002,14.2857142857143
566,2003,12.2448979591837
566,2004,14
566,2005,14.2857142857143
566,2006,14.2857142857143
566,2007,14.5833333333333
566,2008,14.8936170212766
566,2009,12.7659574468085
964,1995,29.7872340425532
964,1996,38
964,1997,44
964,1998,52
964,1999,60.7843137254902
964,2000,62
964,2001,66.6666666666667
964,2002,70
964,2003,69.3877551020408
964,2004,68.75
964,2005,75
964,2006,71.4285714285714
964,2007,71.4285714285714
964,2008,70
964,2009,71.4285714285714
182,1995,17.3913043478261
182,1996,17.3913043478261
182,1997,16.6666666666667
182,1998,16.6666666666667
182,1999,16.6666666666667
182,2000,20
182,2001,23.0769230769231
182,2002,26.9230769230769
182,2003,26.9230769230769
182,2004,30.7692307692308
182,2005,29.6296296296296
182,2006,29.6296296296296
182,2007,29.6296296296296
182,2008,32.1428571428571
182,2009,33.3333333333333
288,1995,52.1739130434783
288,1996,54.5454545454545
288,1997,52
288,1998,59.0909090909091
288,1999,61.9047619047619
288,2000,60
288,2001,63.1578947368421
288,2002,64.7058823529412
288,2003,61.5384615384615
288,2004,61.5384615384615
288,2005,61.5384615384615
288,2006,61.5384615384615
288,2007,64.2857142857143
288,2008,64.2857142857143
288,2009,61.5384615384615
453,1995,0
453,1996,0
453,1997,0
453,1998,0
453,1999,0
453,2000,0
453,2001,0
453,2002,0
453,2003,0
453,2004,0
453,2005,0
453,2006,0
453,2007,0
453,2008,0
453,2009,0
968,1995,19.047619047619
968,1996,20.8333333333333
968,1997,32.1428571428571
968,1998,35.4838709677419
968,1999,41.9354838709677
968,2000,53.3333333333333
968,2001,53.3333333333333
968,2002,59.2592592592593
968,2003,66.6666666666667
968,2004,66.6666666666667
968,2005,70.3703703703704
968,2006,76.9230769230769
968,2007,80.7692307692308
968,2008,77.7777777777778
968,2009,77.7777777777778
922,1995,6.63900414937759
922,1996,7.31707317073171
922,1997,7.69230769230769
922,1998,9.2
922,1999,9.01639344262295
922,2000,9.28270042194093
922,2001,9.05172413793103
922,2002,11.063829787234
922,2003,11.965811965812
922,2004,13.4782608695652
922,2005,14.3478260869565
922,2006,15.1515151515152
922,2007,16.5938864628821
922,2008,18.9189189189189
922,2009,19.0909090909091
714,1995,28.5714285714286
714,1996,28.5714285714286
714,1997,28.5714285714286
714,1998,28.5714285714286
714,1999,28.5714285714286
714,2000,14.2857142857143
714,2001,14.2857142857143
714,2002,14.2857142857143
714,2003,14.2857142857143
714,2004,28.5714285714286
714,2005,42.8571428571429
714,2006,42.8571428571429
714,2007,42.8571428571429
714,2008,57.1428571428571
714,2009,57.1428571428571
456,1995,0
456,1996,0
456,1997,0
456,1998,0
456,1999,0
456,2000,0
456,2001,0
456,2002,0
456,2003,0
456,2004,0
456,2005,0
456,2006,0
456,2007,0
456,2008,0
456,2009,0
732,1995,9.09090909090909
732,1996,9.09090909090909
732,1997,9.09090909090909
732,1998,9.09090909090909
732,1999,8.33333333333333
732,2000,8.33333333333333
732,2001,8.33333333333333
732,2002,0
732,2003,7.69230769230769
732,2004,13.3333333333333
732,2005,13.3333333333333
732,2006,20
732,2007,26.6666666666667
732,2008,26.6666666666667
732,2009,26.6666666666667
722,1995,50
722,1996,50
722,1997,50
722,1998,50
722,1999,60
722,2000,60
722,2001,63.6363636363636
722,2002,63.6363636363636
722,2003,63.6363636363636
722,2004,63.6363636363636
722,2005,63.6363636363636
722,2006,76.9230769230769
722,2007,84.6153846153846
722,2008,83.3333333333333
722,2009,83.3333333333333
576,1995,41.3793103448276
576,1996,41.3793103448276
576,1997,41.3793103448276
576,1998,48
576,1999,52
576,2000,50
576,2001,50
576,2002,54.5454545454545
576,2003,54.5454545454545
576,2004,54.5454545454545
576,2005,54.5454545454545
576,2006,54.5454545454545
576,2007,54.5454545454545
576,2008,54.5454545454545
576,2009,52.3809523809524
253,1995,18.1818181818182
253,1996,25
253,1997,46.1538461538462
253,1998,46.1538461538462
253,1999,46.1538461538462
253,2000,53.8461538461538
253,2001,58.3333333333333
253,2002,58.3333333333333
253,2003,58.3333333333333
253,2004,58.3333333333333
253,2005,63.6363636363636
253,2006,81.8181818181818
253,2007,90
253,2008,90
253,2009,90
936,1995,39.1304347826087
936,1996,41.6666666666667
936,1997,40
936,1998,40
936,1999,40.9090909090909
936,2000,55
936,2001,66.6666666666667
936,2002,83.3333333333333
936,2003,88.8888888888889
936,2004,88.8888888888889
936,2005,88.8888888888889
936,2006,88.2352941176471
936,2007,87.5
936,2008,87.5
936,2009,86.6666666666667
961,1995,11.5384615384615
961,1996,11.5384615384615
961,1997,11.5384615384615
961,1998,13.0434782608696
961,1999,14.2857142857143
961,2000,14.2857142857143
961,2001,19.047619047619
961,2002,28.5714285714286
961,2003,28.5714285714286
961,2004,30
961,2005,33.3333333333333
961,2006,33.3333333333333
961,2007,33.3333333333333
961,2008,38.8888888888889
961,2009,38.8888888888889
144,1995,1.66666666666667
144,1996,1.66666666666667
144,1997,1.58730158730159
144,1998,1.58730158730159
144,1999,1.53846153846154
144,2000,1.49253731343284
144,2001,1.44927536231884
144,2002,1.44927536231884
144,2003,1.44927536231884
144,2004,1.42857142857143
144,2005,1.42857142857143
144,2006,1.38888888888889
144,2007,1.36986301369863
144,2008,1.35135135135135
144,2009,1.35135135135135
734,1995,80
734,1996,80
734,1997,80
734,1998,80
734,1999,80
734,2000,80
734,2001,80
734,2002,80
734,2003,80
734,2004,80
734,2005,80
734,2006,80
734,2007,80
734,2008,80
734,2009,80
718,1995,33.3333333333333
718,1996,33.3333333333333
718,1997,33.3333333333333
718,1998,25
718,1999,25
718,2000,25
718,2001,25
718,2002,25
718,2003,40
718,2004,40
718,2005,40
718,2006,40
718,2007,40
718,2008,40
718,2009,40
742,1995,0
742,1996,25
742,1997,25
742,1998,25
742,1999,25
742,2000,25
742,2001,25
742,2002,25
742,2003,25
742,2004,25
742,2005,20
742,2006,16.6666666666667
742,2007,16.6666666666667
742,2008,16.6666666666667
742,2009,16.6666666666667
578,1995,5.26315789473684
578,1996,5.26315789473684
578,1997,0
578,1998,5.88235294117647
578,1999,17.6470588235294
578,2000,17.6470588235294
578,2001,17.6470588235294
578,2002,16.6666666666667
578,2003,16.6666666666667
578,2004,16.6666666666667
578,2005,15
578,2006,15
578,2007,14.2857142857143
578,2008,19.047619047619
578,2009,19.047619047619
369,1995,42.8571428571429
369,1996,42.8571428571429
369,1997,50
369,1998,44.4444444444444
369,1999,44.4444444444444
369,2000,44.4444444444444
369,2001,44.4444444444444
369,2002,44.4444444444444
369,2003,44.4444444444444
369,2004,44.4444444444444
369,2005,55.5555555555556
369,2006,55.5555555555556
369,2007,55.5555555555556
369,2008,66.6666666666667
369,2009,66.6666666666667
744,1995,35.7142857142857
744,1996,35.7142857142857
744,1997,33.3333333333333
744,1998,33.3333333333333
744,1999,33.3333333333333
744,2000,37.5
744,2001,37.5
744,2002,43.75
744,2003,43.75
744,2004,43.75
744,2005,50
744,2006,50
744,2007,50
744,2008,50
744,2009,50
186,1995,12.962962962963
186,1996,12.7272727272727
186,1997,12.280701754386
186,1998,13.7931034482759
186,1999,14.7540983606557
186,2000,15
186,2001,14.5833333333333
186,2002,19.5121951219512
186,2003,20.5128205128205
186,2004,21.0526315789474
186,2005,23.6842105263158
186,2006,35.1351351351351
186,2007,40.5405405405405
186,2008,40.5405405405405
186,2009,40.5405405405405
738,1995,54.5454545454545
738,1996,57.1428571428571
738,1997,55.5555555555556
738,1998,55
738,1999,60
738,2000,60
738,2001,60
738,2002,57.1428571428571
738,2003,54.5454545454545
738,2004,60.8695652173913
738,2005,65.2173913043478
738,2006,65.2173913043478
738,2007,64
738,2008,64
738,2009,64
746,1995,47.0588235294118
746,1996,52.9411764705882
746,1997,56.25
746,1998,60
746,1999,66.6666666666667
746,2000,66.6666666666667
746,2001,66.6666666666667
746,2002,71.4285714285714
746,2003,71.4285714285714
746,2004,71.4285714285714
746,2005,71.4285714285714
746,2006,78.5714285714286
746,2007,78.5714285714286
746,2008,76.4705882352941
746,2009,82.3529411764706
926,1995,4.16666666666667
926,1996,3.92156862745098
926,1997,8.7719298245614
926,1998,11.6666666666667
926,1999,13.3333333333333
926,2000,15.2542372881356
926,2001,17.4603174603175
926,2002,18.75
926,2003,18.4615384615385
926,2004,22.3880597014925
926,2005,27.1428571428571
926,2006,32.3943661971831
926,2007,38.5714285714286
926,2008,44.2857142857143
926,2009,45.7142857142857
298,1995,76.7441860465116
298,1996,76.7441860465116
298,1997,76.7441860465116
298,1998,74.4186046511628
298,1999,73.8095238095238
298,2000,73.1707317073171
298,2001,76.1904761904762
298,2002,80
298,2003,78.125
298,2004,76.6666666666667
298,2005,76.6666666666667
298,2006,80.6451612903226
298,2007,80.6451612903226
298,2008,80.6451612903226
298,2009,80.6451612903226
111,1995,14.6666666666667
111,1996,15.7894736842105
111,1997,15.5844155844156
111,1998,14.6666666666667
111,1999,16.6666666666667
111,2000,18.75
111,2001,20.7792207792208
111,2002,21.0526315789474
111,2003,21.3333333333333
111,2004,22.972972972973
111,2005,23.943661971831
111,2006,23.943661971831
111,2007,27.536231884058
111,2008,28.9855072463768
111,2009,32.3076923076923
927,1995,20
927,1996,27.2727272727273
927,1997,25
927,1998,23.0769230769231
927,1999,23.0769230769231
927,2000,21.4285714285714
927,2001,20
927,2002,20
927,2003,20
927,2004,18.75
927,2005,17.6470588235294
927,2006,17.6470588235294
927,2007,23.5294117647059
927,2008,23.5294117647059
927,2009,23.5294117647059
299,1995,10.2040816326531
299,1996,14.5833333333333
299,1997,16.3265306122449
299,1998,24.5283018867925
299,1999,25.4901960784314
299,2000,25.4901960784314
299,2001,24.4897959183673
299,2002,27.906976744186
299,2003,21.9512195121951
299,2004,24.390243902439
299,2005,26.1904761904762
299,2006,26.1904761904762
299,2007,23.8095238095238
299,2008,26.1904761904762
299,2009,21.9512195121951
582,1995,10.7142857142857
582,1996,10
582,1997,10
582,1998,10
582,1999,9.67741935483871
582,2000,9.67741935483871
582,2001,9.67741935483871
582,2002,9.375
582,2003,12.1212121212121
582,2004,12.1212121212121
582,2005,12.1212121212121
582,2006,8.82352941176471
582,2007,8.82352941176471
582,2008,8.57142857142857
582,2009,8.57142857142857
474,1995,0
474,1996,0
474,1997,0
474,1998,0
474,1999,0
474,2000,0
474,2001,0
474,2002,0
474,2003,0
474,2004,0
474,2005,0
474,2006,0
474,2007,0
474,2008,0
474,2009,0
NA,1995,3.03030303030303
NA,1996,2.94117647058824
NA,1997,2.85714285714286
NA,1998,2.85714285714286
NA,1999,6.06060606060606
NA,2000,8.82352941176471
NA,2001,16.6666666666667
NA,2002,18.1818181818182
NA,2003,25.531914893617
NA,2004,29.7872340425532
NA,2005,39.1304347826087
NA,2006,53.3333333333333
NA,2007,65.1162790697674
NA,2008,62.7906976744186
NA,2009,60.9756097560976
199,1995,17.0731707317073
199,1996,15.5555555555556
199,1997,15.2173913043478
199,1998,15.5555555555556
199,1999,15.2173913043478
199,2000,13.3333333333333
199,2001,14.6341463414634
199,2002,16.2162162162162
199,2003,16.6666666666667
199,2004,16.6666666666667
199,2005,21.4285714285714
199,2006,21.4285714285714
199,2007,21.4285714285714
199,2008,21.4285714285714
199,2009,21.4285714285714
636,1995,40
636,1996,50
636,1997,50
636,1998,50
636,1999,50
636,2000,50
636,2001,57.1428571428571
636,2002,57.1428571428571
636,2003,57.1428571428571
636,2004,57.1428571428571
636,2005,57.1428571428571
636,2006,62.5
636,2007,62.5
636,2008,62.5
636,2009,66.6666666666667
754,1995,50
754,1996,50
754,1997,50
754,1998,50
754,1999,50
754,2000,50
754,2001,55.5555555555556
754,2002,55.5555555555556
754,2003,55.5555555555556
754,2004,62.5
754,2005,66.6666666666667
754,2006,66.6666666666667
754,2007,77.7777777777778
754,2008,88.8888888888889
754,2009,88.8888888888889
698,1995,30
698,1996,30
698,1997,25
698,1998,25
698,1999,25
698,2000,20
698,2001,18.75
698,2002,17.6470588235294
698,2003,17.6470588235294
698,2004,20
698,2005,21.4285714285714
698,2006,23.0769230769231
698,2007,30.7692307692308
698,2008,30.7692307692308
698,2009,30.7692307692308
