"year","IMFDreher","imfcode"
"1970",0,512
"1971",0,512
"1972",0,512
"1973",1,512
"1974",0,512
"1975",1,512
"1976",0,512
"1977",0,512
"1978",0,512
"1979",0,512
"1980",0,512
"1981",0,512
"1982",0,512
"1983",0,512
"1984",0,512
"1985",0,512
"1986",0,512
"1987",0,512
"1988",0,512
"1989",0,512
"1990",0,512
"1991",0,512
"1992",0,512
"1993",0,512
"1994",0,512
"1995",0,512
"1996",0,512
"1997",0,512
"1998",0,512
"1999",0,512
"2000",0,512
"2001",0,512
"2002",0,512
"2003",0,512
"2004",0,512
"2005",0,512
"2006",0,512
"2007",0,512
"2008",0,512
"1970",0,914
"1971",0,914
"1972",0,914
"1973",0,914
"1974",0,914
"1975",0,914
"1976",0,914
"1977",0,914
"1978",0,914
"1979",0,914
"1980",0,914
"1981",0,914
"1982",0,914
"1983",0,914
"1984",0,914
"1985",0,914
"1986",0,914
"1987",0,914
"1988",0,914
"1989",0,914
"1990",0,914
"1991",0,914
"1992",1,914
"1993",0,914
"1994",0,914
"1995",0,914
"1996",0,914
"1997",0,914
"1998",0,914
"1999",0,914
"2000",0,914
"2001",0,914
"2002",0,914
"2003",0,914
"2004",0,914
"2005",0,914
"2006",1,914
"2007",0,914
"2008",0,914
"1970",0,612
"1971",0,612
"1972",0,612
"1973",0,612
"1974",0,612
"1975",0,612
"1976",0,612
"1977",0,612
"1978",0,612
"1979",0,612
"1980",0,612
"1981",0,612
"1982",0,612
"1983",0,612
"1984",0,612
"1985",0,612
"1986",0,612
"1987",0,612
"1988",0,612
"1989",1,612
"1990",0,612
"1991",0,612
"1992",0,612
"1993",0,612
"1994",1,612
"1995",0,612
"1996",0,612
"1997",0,612
"1998",0,612
"1999",0,612
"2000",0,612
"2001",0,612
"2002",0,612
"2003",0,612
"2004",0,612
"2005",0,612
"2006",0,612
"2007",0,612
"2008",0,612
"1970",0,614
"1971",0,614
"1972",0,614
"1973",0,614
"1974",0,614
"1975",0,614
"1976",0,614
"1977",0,614
"1978",0,614
"1979",0,614
"1980",0,614
"1981",0,614
"1982",0,614
"1983",0,614
"1984",0,614
"1985",0,614
"1986",0,614
"1987",0,614
"1988",0,614
"1989",0,614
"1990",0,614
"1991",0,614
"1992",0,614
"1993",0,614
"1994",0,614
"1995",0,614
"1996",0,614
"1997",0,614
"1998",0,614
"1999",0,614
"2000",0,614
"2001",0,614
"2002",0,614
"2003",0,614
"2004",0,614
"2005",0,614
"2006",0,614
"2007",0,614
"2008",0,614
"1970",0,311
"1971",0,311
"1972",0,311
"1973",0,311
"1974",0,311
"1975",0,311
"1976",0,311
"1977",0,311
"1978",0,311
"1979",0,311
"1980",0,311
"1981",0,311
"1982",0,311
"1983",0,311
"1984",0,311
"1985",0,311
"1986",0,311
"1987",0,311
"1988",0,311
"1989",0,311
"1990",0,311
"1991",0,311
"1992",0,311
"1993",0,311
"1994",0,311
"1995",0,311
"1996",0,311
"1997",0,311
"1998",0,311
"1999",0,311
"2000",0,311
"2001",0,311
"2002",0,311
"2003",0,311
"2004",0,311
"2005",0,311
"2006",0,311
"2007",0,311
"2008",0,311
"1970",0,213
"1971",0,213
"1972",0,213
"1973",0,213
"1974",0,213
"1975",0,213
"1976",1,213
"1977",1,213
"1978",0,213
"1979",0,213
"1980",0,213
"1981",0,213
"1982",0,213
"1983",1,213
"1984",1,213
"1985",0,213
"1986",0,213
"1987",1,213
"1988",0,213
"1989",1,213
"1990",0,213
"1991",1,213
"1992",0,213
"1993",0,213
"1994",0,213
"1995",0,213
"1996",1,213
"1997",0,213
"1998",0,213
"1999",0,213
"2000",1,213
"2001",1,213
"2002",0,213
"2003",1,213
"2004",0,213
"2005",0,213
"2006",0,213
"2007",0,213
"2008",0,213
"1970",0,911
"1971",0,911
"1972",0,911
"1973",0,911
"1974",0,911
"1975",0,911
"1976",0,911
"1977",0,911
"1978",0,911
"1979",0,911
"1980",0,911
"1981",0,911
"1982",0,911
"1983",0,911
"1984",0,911
"1985",0,911
"1986",0,911
"1987",0,911
"1988",0,911
"1989",0,911
"1990",0,911
"1991",0,911
"1992",0,911
"1993",0,911
"1994",0,911
"1995",1,911
"1996",0,911
"1997",0,911
"1998",0,911
"1999",0,911
"2000",0,911
"2001",0,911
"2002",0,911
"2003",0,911
"2004",0,911
"2005",0,911
"2006",0,911
"2007",0,911
"2008",0,911
"1970",0,912
"1971",0,912
"1972",0,912
"1973",0,912
"1974",0,912
"1975",0,912
"1976",0,912
"1977",0,912
"1978",0,912
"1979",0,912
"1980",0,912
"1981",0,912
"1982",0,912
"1983",0,912
"1984",0,912
"1985",0,912
"1986",0,912
"1987",0,912
"1988",0,912
"1989",0,912
"1990",0,912
"1991",0,912
"1992",0,912
"1993",0,912
"1994",0,912
"1995",1,912
"1996",0,912
"1997",0,912
"1998",0,912
"1999",0,912
"2000",0,912
"2001",0,912
"2002",0,912
"2003",0,912
"2004",0,912
"2005",0,912
"2006",0,912
"2007",0,912
"2008",0,912
"1970",0,313
"1971",0,313
"1972",0,313
"1973",0,313
"1974",0,313
"1975",0,313
"1976",0,313
"1977",0,313
"1978",0,313
"1979",0,313
"1980",0,313
"1981",0,313
"1982",0,313
"1983",0,313
"1984",0,313
"1985",0,313
"1986",0,313
"1987",0,313
"1988",0,313
"1989",0,313
"1990",0,313
"1991",0,313
"1992",0,313
"1993",0,313
"1994",0,313
"1995",0,313
"1996",0,313
"1997",0,313
"1998",0,313
"1999",0,313
"2000",0,313
"2001",0,313
"2002",0,313
"2003",0,313
"2004",0,313
"2005",0,313
"2006",0,313
"2007",0,313
"2008",0,313
"1970",0,419
"1971",0,419
"1972",0,419
"1973",0,419
"1974",0,419
"1975",0,419
"1976",0,419
"1977",0,419
"1978",0,419
"1979",0,419
"1980",0,419
"1981",0,419
"1982",0,419
"1983",0,419
"1984",0,419
"1985",0,419
"1986",0,419
"1987",0,419
"1988",0,419
"1989",0,419
"1990",0,419
"1991",0,419
"1992",0,419
"1993",0,419
"1994",0,419
"1995",0,419
"1996",0,419
"1997",0,419
"1998",0,419
"1999",0,419
"2000",0,419
"2001",0,419
"2002",0,419
"2003",0,419
"2004",0,419
"2005",0,419
"2006",0,419
"2007",0,419
"2008",0,419
"1970",0,513
"1971",0,513
"1972",0,513
"1973",0,513
"1974",1,513
"1975",1,513
"1976",0,513
"1977",0,513
"1978",0,513
"1979",1,513
"1980",0,513
"1981",0,513
"1982",0,513
"1983",1,513
"1984",0,513
"1985",1,513
"1986",0,513
"1987",0,513
"1988",0,513
"1989",0,513
"1990",0,513
"1991",0,513
"1992",0,513
"1993",0,513
"1994",0,513
"1995",0,513
"1996",0,513
"1997",0,513
"1998",0,513
"1999",0,513
"2000",0,513
"2001",0,513
"2002",0,513
"2003",0,513
"2004",0,513
"2005",0,513
"2006",0,513
"2007",0,513
"2008",0,513
"1970",0,316
"1971",0,316
"1972",0,316
"1973",0,316
"1974",0,316
"1975",0,316
"1976",0,316
"1977",0,316
"1978",0,316
"1979",0,316
"1980",0,316
"1981",0,316
"1982",1,316
"1983",0,316
"1984",0,316
"1985",0,316
"1986",0,316
"1987",0,316
"1988",0,316
"1989",0,316
"1990",0,316
"1991",0,316
"1992",1,316
"1993",0,316
"1994",0,316
"1995",0,316
"1996",0,316
"1997",0,316
"1998",0,316
"1999",0,316
"2000",0,316
"2001",0,316
"2002",0,316
"2003",0,316
"2004",0,316
"2005",0,316
"2006",0,316
"2007",0,316
"2008",0,316
"1970",0,913
"1971",0,913
"1972",0,913
"1973",0,913
"1974",0,913
"1975",0,913
"1976",0,913
"1977",0,913
"1978",0,913
"1979",0,913
"1980",0,913
"1981",0,913
"1982",0,913
"1983",0,913
"1984",0,913
"1985",0,913
"1986",0,913
"1987",0,913
"1988",0,913
"1989",0,913
"1990",0,913
"1991",0,913
"1992",0,913
"1993",0,913
"1994",0,913
"1995",1,913
"1996",0,913
"1997",0,913
"1998",0,913
"1999",0,913
"2000",0,913
"2001",0,913
"2002",0,913
"2003",0,913
"2004",0,913
"2005",0,913
"2006",0,913
"2007",0,913
"2008",0,913
"1970",0,339
"1971",0,339
"1972",0,339
"1973",0,339
"1974",0,339
"1975",0,339
"1976",0,339
"1977",0,339
"1978",0,339
"1979",0,339
"1980",0,339
"1981",0,339
"1982",0,339
"1983",0,339
"1984",1,339
"1985",0,339
"1986",0,339
"1987",0,339
"1988",0,339
"1989",0,339
"1990",0,339
"1991",0,339
"1992",0,339
"1993",0,339
"1994",0,339
"1995",0,339
"1996",0,339
"1997",0,339
"1998",0,339
"1999",0,339
"2000",0,339
"2001",0,339
"2002",0,339
"2003",0,339
"2004",0,339
"2005",0,339
"2006",0,339
"2007",0,339
"2008",0,339
"1970",0,638
"1971",0,638
"1972",0,638
"1973",0,638
"1974",0,638
"1975",0,638
"1976",0,638
"1977",0,638
"1978",0,638
"1979",0,638
"1980",0,638
"1981",0,638
"1982",0,638
"1983",0,638
"1984",0,638
"1985",0,638
"1986",0,638
"1987",0,638
"1988",0,638
"1989",0,638
"1990",0,638
"1991",0,638
"1992",0,638
"1993",0,638
"1994",0,638
"1995",0,638
"1996",0,638
"1997",0,638
"1998",0,638
"1999",0,638
"2000",0,638
"2001",0,638
"2002",0,638
"2003",0,638
"2004",0,638
"2005",0,638
"2006",0,638
"2007",0,638
"2008",0,638
"1970",0,514
"1971",0,514
"1972",0,514
"1973",0,514
"1974",0,514
"1975",0,514
"1976",0,514
"1977",0,514
"1978",0,514
"1979",0,514
"1980",0,514
"1981",0,514
"1982",0,514
"1983",0,514
"1984",0,514
"1985",0,514
"1986",0,514
"1987",0,514
"1988",0,514
"1989",0,514
"1990",0,514
"1991",0,514
"1992",0,514
"1993",0,514
"1994",0,514
"1995",0,514
"1996",0,514
"1997",0,514
"1998",0,514
"1999",0,514
"2000",0,514
"2001",0,514
"2002",0,514
"2003",0,514
"2004",0,514
"2005",0,514
"2006",0,514
"2007",0,514
"2008",0,514
"1970",0,218
"1971",0,218
"1972",0,218
"1973",1,218
"1974",0,218
"1975",0,218
"1976",0,218
"1977",0,218
"1978",0,218
"1979",0,218
"1980",1,218
"1981",0,218
"1982",0,218
"1983",0,218
"1984",0,218
"1985",0,218
"1986",1,218
"1987",0,218
"1988",0,218
"1989",0,218
"1990",0,218
"1991",0,218
"1992",0,218
"1993",0,218
"1994",0,218
"1995",0,218
"1996",0,218
"1997",0,218
"1998",0,218
"1999",0,218
"2000",0,218
"2001",0,218
"2002",0,218
"2003",1,218
"2004",0,218
"2005",0,218
"2006",0,218
"2007",0,218
"2008",0,218
"1970",0,963
"1971",0,963
"1972",0,963
"1973",0,963
"1974",0,963
"1975",0,963
"1976",0,963
"1977",0,963
"1978",0,963
"1979",0,963
"1980",0,963
"1981",0,963
"1982",0,963
"1983",0,963
"1984",0,963
"1985",0,963
"1986",0,963
"1987",0,963
"1988",0,963
"1989",0,963
"1990",0,963
"1991",0,963
"1992",0,963
"1993",0,963
"1994",0,963
"1995",0,963
"1996",0,963
"1997",0,963
"1998",1,963
"1999",0,963
"2000",0,963
"2001",0,963
"2002",1,963
"2003",0,963
"2004",0,963
"2005",0,963
"2006",0,963
"2007",0,963
"2008",0,963
"1970",0,616
"1971",0,616
"1972",0,616
"1973",0,616
"1974",0,616
"1975",0,616
"1976",0,616
"1977",0,616
"1978",0,616
"1979",0,616
"1980",0,616
"1981",0,616
"1982",0,616
"1983",0,616
"1984",0,616
"1985",0,616
"1986",0,616
"1987",0,616
"1988",0,616
"1989",0,616
"1990",0,616
"1991",0,616
"1992",0,616
"1993",0,616
"1994",0,616
"1995",0,616
"1996",0,616
"1997",0,616
"1998",0,616
"1999",0,616
"2000",0,616
"2001",0,616
"2002",0,616
"2003",0,616
"2004",0,616
"2005",0,616
"2006",0,616
"2007",0,616
"2008",0,616
"1970",1,223
"1971",1,223
"1972",1,223
"1973",0,223
"1974",0,223
"1975",0,223
"1976",0,223
"1977",0,223
"1978",0,223
"1979",0,223
"1980",0,223
"1981",0,223
"1982",0,223
"1983",0,223
"1984",0,223
"1985",0,223
"1986",0,223
"1987",0,223
"1988",1,223
"1989",0,223
"1990",0,223
"1991",0,223
"1992",1,223
"1993",0,223
"1994",0,223
"1995",0,223
"1996",0,223
"1997",0,223
"1998",1,223
"1999",0,223
"2000",0,223
"2001",1,223
"2002",1,223
"2003",0,223
"2004",0,223
"2005",0,223
"2006",0,223
"2007",0,223
"2008",0,223
"1970",0,516
"1971",0,516
"1972",0,516
"1973",0,516
"1974",0,516
"1975",0,516
"1976",0,516
"1977",0,516
"1978",0,516
"1979",0,516
"1980",0,516
"1981",0,516
"1982",0,516
"1983",0,516
"1984",0,516
"1985",0,516
"1986",0,516
"1987",0,516
"1988",0,516
"1989",0,516
"1990",0,516
"1991",0,516
"1992",0,516
"1993",0,516
"1994",0,516
"1995",0,516
"1996",0,516
"1997",0,516
"1998",0,516
"1999",0,516
"2000",0,516
"2001",0,516
"2002",0,516
"2003",0,516
"2004",0,516
"2005",0,516
"2006",0,516
"2007",0,516
"2008",0,516
"1970",0,918
"1971",0,918
"1972",0,918
"1973",0,918
"1974",0,918
"1975",0,918
"1976",0,918
"1977",0,918
"1978",0,918
"1979",0,918
"1980",0,918
"1981",0,918
"1982",0,918
"1983",0,918
"1984",0,918
"1985",0,918
"1986",0,918
"1987",0,918
"1988",0,918
"1989",0,918
"1990",0,918
"1991",1,918
"1992",1,918
"1993",0,918
"1994",1,918
"1995",0,918
"1996",1,918
"1997",1,918
"1998",0,918
"1999",0,918
"2000",0,918
"2001",0,918
"2002",1,918
"2003",0,918
"2004",1,918
"2005",0,918
"2006",0,918
"2007",0,918
"2008",0,918
"1970",0,748
"1971",0,748
"1972",0,748
"1973",0,748
"1974",0,748
"1975",0,748
"1976",0,748
"1977",0,748
"1978",0,748
"1979",0,748
"1980",0,748
"1981",0,748
"1982",0,748
"1983",0,748
"1984",0,748
"1985",0,748
"1986",0,748
"1987",0,748
"1988",0,748
"1989",0,748
"1990",0,748
"1991",0,748
"1992",0,748
"1993",0,748
"1994",0,748
"1995",0,748
"1996",0,748
"1997",0,748
"1998",0,748
"1999",0,748
"2000",0,748
"2001",0,748
"2002",0,748
"2003",0,748
"2004",0,748
"2005",0,748
"2006",0,748
"2007",0,748
"2008",0,748
"1970",1,618
"1971",0,618
"1972",0,618
"1973",0,618
"1974",0,618
"1975",0,618
"1976",0,618
"1977",0,618
"1978",0,618
"1979",0,618
"1980",0,618
"1981",0,618
"1982",0,618
"1983",0,618
"1984",0,618
"1985",0,618
"1986",1,618
"1987",0,618
"1988",0,618
"1989",0,618
"1990",0,618
"1991",0,618
"1992",0,618
"1993",0,618
"1994",0,618
"1995",0,618
"1996",0,618
"1997",0,618
"1998",0,618
"1999",0,618
"2000",0,618
"2001",0,618
"2002",0,618
"2003",0,618
"2004",0,618
"2005",0,618
"2006",0,618
"2007",0,618
"2008",0,618
"1970",0,662
"1971",0,662
"1972",0,662
"1973",0,662
"1974",0,662
"1975",0,662
"1976",0,662
"1977",0,662
"1978",0,662
"1979",0,662
"1980",0,662
"1981",0,662
"1982",0,662
"1983",0,662
"1984",1,662
"1985",1,662
"1986",1,662
"1987",0,662
"1988",1,662
"1989",1,662
"1990",0,662
"1991",1,662
"1992",0,662
"1993",0,662
"1994",0,662
"1995",0,662
"1996",0,662
"1997",0,662
"1998",0,662
"1999",0,662
"2000",0,662
"2001",0,662
"2002",0,662
"2003",0,662
"2004",0,662
"2005",0,662
"2006",0,662
"2007",0,662
"2008",0,662
"1970",0,522
"1971",0,522
"1972",0,522
"1973",0,522
"1974",0,522
"1975",0,522
"1976",0,522
"1977",0,522
"1978",0,522
"1979",0,522
"1980",0,522
"1981",0,522
"1982",0,522
"1983",0,522
"1984",0,522
"1985",0,522
"1986",0,522
"1987",0,522
"1988",0,522
"1989",0,522
"1990",0,522
"1991",0,522
"1992",0,522
"1993",0,522
"1994",0,522
"1995",0,522
"1996",0,522
"1997",0,522
"1998",0,522
"1999",0,522
"2000",0,522
"2001",0,522
"2002",0,522
"2003",0,522
"2004",0,522
"2005",0,522
"2006",0,522
"2007",0,522
"2008",0,522
"1970",0,622
"1971",0,622
"1972",0,622
"1973",0,622
"1974",0,622
"1975",0,622
"1976",0,622
"1977",0,622
"1978",0,622
"1979",0,622
"1980",0,622
"1981",0,622
"1982",0,622
"1983",0,622
"1984",0,622
"1985",0,622
"1986",0,622
"1987",0,622
"1988",1,622
"1989",0,622
"1990",0,622
"1991",1,622
"1992",0,622
"1993",0,622
"1994",1,622
"1995",1,622
"1996",0,622
"1997",0,622
"1998",0,622
"1999",0,622
"2000",0,622
"2001",0,622
"2002",0,622
"2003",0,622
"2004",0,622
"2005",0,622
"2006",0,622
"2007",0,622
"2008",0,622
"1970",0,624
"1971",0,624
"1972",0,624
"1973",0,624
"1974",0,624
"1975",0,624
"1976",0,624
"1977",0,624
"1978",0,624
"1979",0,624
"1980",0,624
"1981",0,624
"1982",0,624
"1983",0,624
"1984",0,624
"1985",0,624
"1986",0,624
"1987",0,624
"1988",0,624
"1989",0,624
"1990",0,624
"1991",0,624
"1992",0,624
"1993",0,624
"1994",0,624
"1995",0,624
"1996",0,624
"1997",0,624
"1998",1,624
"1999",0,624
"2000",0,624
"2001",0,624
"2002",0,624
"2003",0,624
"2004",0,624
"2005",0,624
"2006",0,624
"2007",0,624
"2008",0,624
"1970",0,626
"1971",0,626
"1972",0,626
"1973",0,626
"1974",0,626
"1975",0,626
"1976",0,626
"1977",0,626
"1978",0,626
"1979",0,626
"1980",1,626
"1981",1,626
"1982",0,626
"1983",1,626
"1984",1,626
"1985",1,626
"1986",0,626
"1987",1,626
"1988",0,626
"1989",0,626
"1990",0,626
"1991",0,626
"1992",0,626
"1993",0,626
"1994",1,626
"1995",0,626
"1996",0,626
"1997",0,626
"1998",0,626
"1999",0,626
"2000",0,626
"2001",0,626
"2002",0,626
"2003",0,626
"2004",0,626
"2005",0,626
"2006",0,626
"2007",0,626
"2008",0,626
"1970",0,628
"1971",0,628
"1972",0,628
"1973",0,628
"1974",0,628
"1975",0,628
"1976",0,628
"1977",0,628
"1978",0,628
"1979",0,628
"1980",0,628
"1981",0,628
"1982",0,628
"1983",0,628
"1984",0,628
"1985",0,628
"1986",0,628
"1987",0,628
"1988",0,628
"1989",0,628
"1990",0,628
"1991",0,628
"1992",0,628
"1993",0,628
"1994",1,628
"1995",0,628
"1996",0,628
"1997",0,628
"1998",0,628
"1999",0,628
"2000",0,628
"2001",0,628
"2002",0,628
"2003",0,628
"2004",0,628
"2005",0,628
"2006",0,628
"2007",0,628
"2008",0,628
"1970",0,228
"1971",0,228
"1972",0,228
"1973",0,228
"1974",1,228
"1975",1,228
"1976",0,228
"1977",0,228
"1978",0,228
"1979",0,228
"1980",0,228
"1981",0,228
"1982",0,228
"1983",1,228
"1984",0,228
"1985",0,228
"1986",0,228
"1987",0,228
"1988",0,228
"1989",1,228
"1990",0,228
"1991",0,228
"1992",0,228
"1993",0,228
"1994",0,228
"1995",0,228
"1996",0,228
"1997",0,228
"1998",0,228
"1999",0,228
"2000",0,228
"2001",0,228
"2002",0,228
"2003",0,228
"2004",0,228
"2005",0,228
"2006",0,228
"2007",0,228
"2008",0,228
"1970",0,924
"1971",0,924
"1972",0,924
"1973",0,924
"1974",0,924
"1975",0,924
"1976",0,924
"1977",0,924
"1978",0,924
"1979",0,924
"1980",0,924
"1981",1,924
"1982",0,924
"1983",0,924
"1984",0,924
"1985",0,924
"1986",1,924
"1987",0,924
"1988",0,924
"1989",0,924
"1990",0,924
"1991",0,924
"1992",0,924
"1993",0,924
"1994",0,924
"1995",0,924
"1996",0,924
"1997",0,924
"1998",0,924
"1999",0,924
"2000",0,924
"2001",0,924
"2002",0,924
"2003",0,924
"2004",0,924
"2005",0,924
"2006",0,924
"2007",0,924
"2008",0,924
"1970",1,233
"1971",1,233
"1972",1,233
"1973",1,233
"1974",0,233
"1975",0,233
"1976",0,233
"1977",0,233
"1978",0,233
"1979",0,233
"1980",0,233
"1981",0,233
"1982",0,233
"1983",0,233
"1984",0,233
"1985",0,233
"1986",0,233
"1987",0,233
"1988",0,233
"1989",0,233
"1990",0,233
"1991",0,233
"1992",0,233
"1993",0,233
"1994",0,233
"1995",0,233
"1996",0,233
"1997",0,233
"1998",0,233
"1999",0,233
"2000",0,233
"2001",0,233
"2002",0,233
"2003",1,233
"2004",0,233
"2005",1,233
"2006",0,233
"2007",0,233
"2008",0,233
"1970",0,632
"1971",0,632
"1972",0,632
"1973",0,632
"1974",0,632
"1975",0,632
"1976",0,632
"1977",0,632
"1978",0,632
"1979",0,632
"1980",0,632
"1981",0,632
"1982",0,632
"1983",0,632
"1984",0,632
"1985",0,632
"1986",0,632
"1987",0,632
"1988",0,632
"1989",0,632
"1990",0,632
"1991",0,632
"1992",0,632
"1993",0,632
"1994",0,632
"1995",0,632
"1996",0,632
"1997",0,632
"1998",0,632
"1999",0,632
"2000",0,632
"2001",0,632
"2002",0,632
"2003",0,632
"2004",0,632
"2005",0,632
"2006",0,632
"2007",0,632
"2008",0,632
"1970",0,636
"1971",0,636
"1972",0,636
"1973",0,636
"1974",0,636
"1975",0,636
"1976",1,636
"1977",1,636
"1978",0,636
"1979",1,636
"1980",0,636
"1981",0,636
"1982",0,636
"1983",1,636
"1984",0,636
"1985",1,636
"1986",1,636
"1987",1,636
"1988",0,636
"1989",1,636
"1990",0,636
"1991",0,636
"1992",0,636
"1993",0,636
"1994",0,636
"1995",0,636
"1996",0,636
"1997",0,636
"1998",0,636
"1999",0,636
"2000",0,636
"2001",0,636
"2002",0,636
"2003",0,636
"2004",0,636
"2005",0,636
"2006",0,636
"2007",0,636
"2008",0,636
"1970",0,634
"1971",0,634
"1972",0,634
"1973",0,634
"1974",0,634
"1975",0,634
"1976",0,634
"1977",1,634
"1978",0,634
"1979",1,634
"1980",0,634
"1981",0,634
"1982",0,634
"1983",0,634
"1984",0,634
"1985",0,634
"1986",1,634
"1987",0,634
"1988",0,634
"1989",0,634
"1990",1,634
"1991",0,634
"1992",0,634
"1993",0,634
"1994",1,634
"1995",0,634
"1996",0,634
"1997",0,634
"1998",0,634
"1999",0,634
"2000",0,634
"2001",0,634
"2002",0,634
"2003",0,634
"2004",0,634
"2005",0,634
"2006",0,634
"2007",0,634
"2008",0,634
"1970",0,238
"1971",0,238
"1972",0,238
"1973",0,238
"1974",0,238
"1975",0,238
"1976",1,238
"1977",0,238
"1978",0,238
"1979",0,238
"1980",1,238
"1981",0,238
"1982",1,238
"1983",0,238
"1984",0,238
"1985",1,238
"1986",0,238
"1987",1,238
"1988",0,238
"1989",1,238
"1990",0,238
"1991",1,238
"1992",0,238
"1993",1,238
"1994",0,238
"1995",1,238
"1996",0,238
"1997",0,238
"1998",0,238
"1999",0,238
"2000",0,238
"2001",0,238
"2002",0,238
"2003",0,238
"2004",0,238
"2005",0,238
"2006",0,238
"2007",0,238
"2008",0,238
"1970",0,960
"1971",0,960
"1972",0,960
"1973",0,960
"1974",0,960
"1975",0,960
"1976",0,960
"1977",0,960
"1978",0,960
"1979",0,960
"1980",0,960
"1981",0,960
"1982",0,960
"1983",0,960
"1984",0,960
"1985",0,960
"1986",0,960
"1987",0,960
"1988",0,960
"1989",0,960
"1990",0,960
"1991",0,960
"1992",0,960
"1993",0,960
"1994",1,960
"1995",0,960
"1996",0,960
"1997",0,960
"1998",0,960
"1999",0,960
"2000",0,960
"2001",1,960
"2002",0,960
"2003",1,960
"2004",1,960
"2005",0,960
"2006",0,960
"2007",0,960
"2008",0,960
"1970",0,423
"1971",0,423
"1972",0,423
"1973",0,423
"1974",0,423
"1975",0,423
"1976",0,423
"1977",0,423
"1978",0,423
"1979",0,423
"1980",1,423
"1981",0,423
"1982",0,423
"1983",0,423
"1984",0,423
"1985",0,423
"1986",0,423
"1987",0,423
"1988",0,423
"1989",0,423
"1990",0,423
"1991",0,423
"1992",0,423
"1993",0,423
"1994",0,423
"1995",0,423
"1996",0,423
"1997",0,423
"1998",0,423
"1999",0,423
"2000",0,423
"2001",0,423
"2002",0,423
"2003",0,423
"2004",0,423
"2005",0,423
"2006",0,423
"2007",0,423
"2008",0,423
"1970",0,935
"1971",0,935
"1972",0,935
"1973",0,935
"1974",0,935
"1975",0,935
"1976",0,935
"1977",0,935
"1978",0,935
"1979",0,935
"1980",0,935
"1981",0,935
"1982",0,935
"1983",0,935
"1984",0,935
"1985",0,935
"1986",0,935
"1987",0,935
"1988",0,935
"1989",0,935
"1990",0,935
"1991",1,935
"1992",1,935
"1993",1,935
"1994",0,935
"1995",0,935
"1996",0,935
"1997",0,935
"1998",0,935
"1999",0,935
"2000",0,935
"2001",0,935
"2002",0,935
"2003",0,935
"2004",0,935
"2005",0,935
"2006",0,935
"2007",0,935
"2008",0,935
"1970",0,611
"1971",0,611
"1972",0,611
"1973",0,611
"1974",0,611
"1975",0,611
"1976",0,611
"1977",0,611
"1978",0,611
"1979",0,611
"1980",0,611
"1981",0,611
"1982",0,611
"1983",0,611
"1984",0,611
"1985",0,611
"1986",0,611
"1987",0,611
"1988",0,611
"1989",0,611
"1990",0,611
"1991",0,611
"1992",0,611
"1993",0,611
"1994",0,611
"1995",0,611
"1996",1,611
"1997",0,611
"1998",0,611
"1999",0,611
"2000",0,611
"2001",0,611
"2002",0,611
"2003",0,611
"2004",0,611
"2005",0,611
"2006",0,611
"2007",0,611
"2008",0,611
"1970",0,321
"1971",0,321
"1972",0,321
"1973",0,321
"1974",0,321
"1975",0,321
"1976",0,321
"1977",0,321
"1978",0,321
"1979",0,321
"1980",0,321
"1981",0,321
"1982",0,321
"1983",0,321
"1984",1,321
"1985",0,321
"1986",0,321
"1987",0,321
"1988",0,321
"1989",0,321
"1990",0,321
"1991",0,321
"1992",0,321
"1993",0,321
"1994",0,321
"1995",0,321
"1996",0,321
"1997",0,321
"1998",0,321
"1999",0,321
"2000",0,321
"2001",0,321
"2002",1,321
"2003",0,321
"2004",0,321
"2005",0,321
"2006",0,321
"2007",0,321
"2008",0,321
"1970",0,243
"1971",0,243
"1972",0,243
"1973",0,243
"1974",0,243
"1975",0,243
"1976",0,243
"1977",0,243
"1978",0,243
"1979",0,243
"1980",0,243
"1981",0,243
"1982",0,243
"1983",0,243
"1984",0,243
"1985",1,243
"1986",0,243
"1987",0,243
"1988",0,243
"1989",0,243
"1990",0,243
"1991",1,243
"1992",0,243
"1993",1,243
"1994",0,243
"1995",0,243
"1996",0,243
"1997",0,243
"1998",0,243
"1999",0,243
"2000",0,243
"2001",0,243
"2002",0,243
"2003",1,243
"2004",0,243
"2005",1,243
"2006",0,243
"2007",0,243
"2008",0,243
"1970",1,248
"1971",0,248
"1972",1,248
"1973",0,248
"1974",0,248
"1975",0,248
"1976",0,248
"1977",0,248
"1978",0,248
"1979",0,248
"1980",0,248
"1981",0,248
"1982",0,248
"1983",1,248
"1984",0,248
"1985",1,248
"1986",1,248
"1987",0,248
"1988",1,248
"1989",1,248
"1990",0,248
"1991",1,248
"1992",0,248
"1993",0,248
"1994",1,248
"1995",0,248
"1996",0,248
"1997",0,248
"1998",0,248
"1999",0,248
"2000",1,248
"2001",0,248
"2002",0,248
"2003",1,248
"2004",0,248
"2005",0,248
"2006",0,248
"2007",0,248
"2008",0,248
"1970",0,469
"1971",0,469
"1972",0,469
"1973",0,469
"1974",0,469
"1975",0,469
"1976",0,469
"1977",1,469
"1978",0,469
"1979",0,469
"1980",0,469
"1981",0,469
"1982",0,469
"1983",0,469
"1984",0,469
"1985",0,469
"1986",0,469
"1987",1,469
"1988",0,469
"1989",0,469
"1990",0,469
"1991",1,469
"1992",0,469
"1993",0,469
"1994",0,469
"1995",0,469
"1996",1,469
"1997",0,469
"1998",0,469
"1999",0,469
"2000",0,469
"2001",0,469
"2002",0,469
"2003",0,469
"2004",0,469
"2005",0,469
"2006",0,469
"2007",0,469
"2008",0,469
"1970",1,253
"1971",0,253
"1972",1,253
"1973",0,253
"1974",0,253
"1975",0,253
"1976",0,253
"1977",0,253
"1978",0,253
"1979",0,253
"1980",1,253
"1981",0,253
"1982",1,253
"1983",0,253
"1984",0,253
"1985",0,253
"1986",0,253
"1987",0,253
"1988",0,253
"1989",0,253
"1990",1,253
"1991",0,253
"1992",1,253
"1993",1,253
"1994",0,253
"1995",1,253
"1996",0,253
"1997",1,253
"1998",1,253
"1999",0,253
"2000",0,253
"2001",0,253
"2002",0,253
"2003",0,253
"2004",0,253
"2005",0,253
"2006",0,253
"2007",0,253
"2008",0,253
"1970",0,642
"1971",0,642
"1972",0,642
"1973",0,642
"1974",0,642
"1975",0,642
"1976",0,642
"1977",0,642
"1978",0,642
"1979",0,642
"1980",1,642
"1981",0,642
"1982",0,642
"1983",0,642
"1984",0,642
"1985",1,642
"1986",0,642
"1987",0,642
"1988",0,642
"1989",0,642
"1990",0,642
"1991",0,642
"1992",0,642
"1993",0,642
"1994",0,642
"1995",0,642
"1996",0,642
"1997",0,642
"1998",0,642
"1999",0,642
"2000",0,642
"2001",0,642
"2002",0,642
"2003",0,642
"2004",0,642
"2005",0,642
"2006",0,642
"2007",0,642
"2008",0,642
"1970",0,643
"1971",0,643
"1972",0,643
"1973",0,643
"1974",0,643
"1975",0,643
"1976",0,643
"1977",0,643
"1978",0,643
"1979",0,643
"1980",0,643
"1981",0,643
"1982",0,643
"1983",0,643
"1984",0,643
"1985",0,643
"1986",0,643
"1987",0,643
"1988",0,643
"1989",0,643
"1990",0,643
"1991",0,643
"1992",0,643
"1993",0,643
"1994",0,643
"1995",0,643
"1996",0,643
"1997",0,643
"1998",0,643
"1999",0,643
"2000",0,643
"2001",0,643
"2002",0,643
"2003",0,643
"2004",0,643
"2005",0,643
"2006",0,643
"2007",0,643
"2008",0,643
"1970",0,939
"1971",0,939
"1972",0,939
"1973",0,939
"1974",0,939
"1975",0,939
"1976",0,939
"1977",0,939
"1978",0,939
"1979",0,939
"1980",0,939
"1981",0,939
"1982",0,939
"1983",0,939
"1984",0,939
"1985",0,939
"1986",0,939
"1987",0,939
"1988",0,939
"1989",0,939
"1990",0,939
"1991",0,939
"1992",1,939
"1993",1,939
"1994",0,939
"1995",1,939
"1996",1,939
"1997",1,939
"1998",0,939
"1999",0,939
"2000",1,939
"2001",0,939
"2002",0,939
"2003",0,939
"2004",0,939
"2005",0,939
"2006",0,939
"2007",0,939
"2008",0,939
"1970",0,644
"1971",0,644
"1972",0,644
"1973",0,644
"1974",0,644
"1975",0,644
"1976",0,644
"1977",0,644
"1978",0,644
"1979",0,644
"1980",0,644
"1981",1,644
"1982",0,644
"1983",0,644
"1984",0,644
"1985",0,644
"1986",0,644
"1987",0,644
"1988",0,644
"1989",0,644
"1990",0,644
"1991",0,644
"1992",0,644
"1993",0,644
"1994",0,644
"1995",0,644
"1996",0,644
"1997",0,644
"1998",0,644
"1999",0,644
"2000",0,644
"2001",0,644
"2002",0,644
"2003",0,644
"2004",0,644
"2005",0,644
"2006",0,644
"2007",0,644
"2008",0,644
"1970",0,819
"1971",0,819
"1972",0,819
"1973",0,819
"1974",1,819
"1975",0,819
"1976",0,819
"1977",0,819
"1978",0,819
"1979",0,819
"1980",0,819
"1981",0,819
"1982",0,819
"1983",0,819
"1984",0,819
"1985",0,819
"1986",0,819
"1987",0,819
"1988",0,819
"1989",0,819
"1990",0,819
"1991",0,819
"1992",0,819
"1993",0,819
"1994",0,819
"1995",0,819
"1996",0,819
"1997",0,819
"1998",0,819
"1999",0,819
"2000",0,819
"2001",0,819
"2002",0,819
"2003",0,819
"2004",0,819
"2005",0,819
"2006",0,819
"2007",0,819
"2008",0,819
"1970",0,646
"1971",0,646
"1972",0,646
"1973",0,646
"1974",0,646
"1975",0,646
"1976",0,646
"1977",0,646
"1978",1,646
"1979",0,646
"1980",0,646
"1981",0,646
"1982",0,646
"1983",0,646
"1984",0,646
"1985",0,646
"1986",1,646
"1987",0,646
"1988",0,646
"1989",1,646
"1990",0,646
"1991",1,646
"1992",0,646
"1993",0,646
"1994",1,646
"1995",0,646
"1996",0,646
"1997",0,646
"1998",0,646
"1999",0,646
"2000",1,646
"2001",0,646
"2002",0,646
"2003",0,646
"2004",1,646
"2005",0,646
"2006",0,646
"2007",1,646
"2008",0,646
"1970",0,648
"1971",0,648
"1972",0,648
"1973",0,648
"1974",0,648
"1975",0,648
"1976",0,648
"1977",1,648
"1978",0,648
"1979",1,648
"1980",0,648
"1981",0,648
"1982",1,648
"1983",0,648
"1984",1,648
"1985",0,648
"1986",1,648
"1987",0,648
"1988",0,648
"1989",0,648
"1990",0,648
"1991",0,648
"1992",0,648
"1993",0,648
"1994",0,648
"1995",0,648
"1996",0,648
"1997",0,648
"1998",0,648
"1999",0,648
"2000",0,648
"2001",0,648
"2002",0,648
"2003",0,648
"2004",0,648
"2005",0,648
"2006",0,648
"2007",0,648
"2008",0,648
"1970",0,915
"1971",0,915
"1972",0,915
"1973",0,915
"1974",0,915
"1975",0,915
"1976",0,915
"1977",0,915
"1978",0,915
"1979",0,915
"1980",0,915
"1981",0,915
"1982",0,915
"1983",0,915
"1984",0,915
"1985",0,915
"1986",0,915
"1987",0,915
"1988",0,915
"1989",0,915
"1990",0,915
"1991",0,915
"1992",0,915
"1993",0,915
"1994",0,915
"1995",1,915
"1996",0,915
"1997",0,915
"1998",0,915
"1999",0,915
"2000",0,915
"2001",0,915
"2002",0,915
"2003",0,915
"2004",0,915
"2005",0,915
"2006",0,915
"2007",0,915
"2008",1,915
"1970",0,652
"1971",0,652
"1972",0,652
"1973",0,652
"1974",0,652
"1975",0,652
"1976",0,652
"1977",0,652
"1978",0,652
"1979",1,652
"1980",0,652
"1981",0,652
"1982",0,652
"1983",1,652
"1984",1,652
"1985",0,652
"1986",1,652
"1987",0,652
"1988",0,652
"1989",0,652
"1990",0,652
"1991",0,652
"1992",0,652
"1993",0,652
"1994",0,652
"1995",0,652
"1996",0,652
"1997",0,652
"1998",0,652
"1999",0,652
"2000",0,652
"2001",0,652
"2002",0,652
"2003",0,652
"2004",0,652
"2005",0,652
"2006",0,652
"2007",0,652
"2008",0,652
"1970",0,328
"1971",0,328
"1972",0,328
"1973",0,328
"1974",0,328
"1975",1,328
"1976",0,328
"1977",0,328
"1978",0,328
"1979",1,328
"1980",0,328
"1981",1,328
"1982",0,328
"1983",0,328
"1984",0,328
"1985",0,328
"1986",0,328
"1987",0,328
"1988",0,328
"1989",0,328
"1990",0,328
"1991",0,328
"1992",0,328
"1993",0,328
"1994",0,328
"1995",0,328
"1996",0,328
"1997",0,328
"1998",0,328
"1999",0,328
"2000",0,328
"2001",0,328
"2002",0,328
"2003",0,328
"2004",0,328
"2005",0,328
"2006",0,328
"2007",0,328
"2008",0,328
"1970",1,258
"1971",0,258
"1972",1,258
"1973",0,258
"1974",0,258
"1975",0,258
"1976",0,258
"1977",0,258
"1978",0,258
"1979",0,258
"1980",0,258
"1981",1,258
"1982",0,258
"1983",1,258
"1984",0,258
"1985",0,258
"1986",0,258
"1987",0,258
"1988",1,258
"1989",0,258
"1990",0,258
"1991",0,258
"1992",1,258
"1993",0,258
"1994",0,258
"1995",0,258
"1996",0,258
"1997",0,258
"1998",0,258
"1999",0,258
"2000",0,258
"2001",0,258
"2002",1,258
"2003",1,258
"2004",0,258
"2005",0,258
"2006",0,258
"2007",0,258
"2008",0,258
"1970",0,656
"1971",0,656
"1972",0,656
"1973",0,656
"1974",0,656
"1975",0,656
"1976",0,656
"1977",0,656
"1978",0,656
"1979",0,656
"1980",0,656
"1981",0,656
"1982",1,656
"1983",0,656
"1984",0,656
"1985",0,656
"1986",1,656
"1987",1,656
"1988",0,656
"1989",0,656
"1990",0,656
"1991",0,656
"1992",0,656
"1993",0,656
"1994",0,656
"1995",0,656
"1996",0,656
"1997",0,656
"1998",0,656
"1999",0,656
"2000",0,656
"2001",0,656
"2002",0,656
"2003",0,656
"2004",0,656
"2005",0,656
"2006",0,656
"2007",0,656
"2008",0,656
"1970",0,654
"1971",0,654
"1972",0,654
"1973",0,654
"1974",0,654
"1975",0,654
"1976",0,654
"1977",0,654
"1978",0,654
"1979",0,654
"1980",0,654
"1981",0,654
"1982",0,654
"1983",0,654
"1984",0,654
"1985",0,654
"1986",0,654
"1987",0,654
"1988",0,654
"1989",0,654
"1990",0,654
"1991",0,654
"1992",0,654
"1993",0,654
"1994",0,654
"1995",0,654
"1996",0,654
"1997",0,654
"1998",0,654
"1999",0,654
"2000",0,654
"2001",0,654
"2002",0,654
"2003",0,654
"2004",0,654
"2005",0,654
"2006",0,654
"2007",0,654
"2008",0,654
"1970",1,336
"1971",1,336
"1972",1,336
"1973",1,336
"1974",1,336
"1975",1,336
"1976",1,336
"1977",0,336
"1978",1,336
"1979",0,336
"1980",0,336
"1981",0,336
"1982",0,336
"1983",0,336
"1984",0,336
"1985",0,336
"1986",0,336
"1987",0,336
"1988",0,336
"1989",0,336
"1990",1,336
"1991",0,336
"1992",0,336
"1993",0,336
"1994",0,336
"1995",0,336
"1996",0,336
"1997",0,336
"1998",0,336
"1999",0,336
"2000",0,336
"2001",0,336
"2002",0,336
"2003",0,336
"2004",0,336
"2005",0,336
"2006",0,336
"2007",0,336
"2008",0,336
"1970",1,263
"1971",1,263
"1972",1,263
"1973",1,263
"1974",1,263
"1975",1,263
"1976",1,263
"1977",1,263
"1978",0,263
"1979",0,263
"1980",0,263
"1981",0,263
"1982",1,263
"1983",1,263
"1984",0,263
"1985",0,263
"1986",0,263
"1987",0,263
"1988",0,263
"1989",1,263
"1990",0,263
"1991",0,263
"1992",0,263
"1993",0,263
"1994",0,263
"1995",1,263
"1996",0,263
"1997",0,263
"1998",0,263
"1999",0,263
"2000",0,263
"2001",0,263
"2002",0,263
"2003",0,263
"2004",0,263
"2005",0,263
"2006",0,263
"2007",0,263
"2008",0,263
"1970",0,268
"1971",1,268
"1972",1,268
"1973",0,268
"1974",0,268
"1975",0,268
"1976",0,268
"1977",0,268
"1978",0,268
"1979",0,268
"1980",0,268
"1981",0,268
"1982",1,268
"1983",0,268
"1984",0,268
"1985",0,268
"1986",0,268
"1987",0,268
"1988",0,268
"1989",0,268
"1990",1,268
"1991",0,268
"1992",0,268
"1993",0,268
"1994",0,268
"1995",0,268
"1996",0,268
"1997",0,268
"1998",0,268
"1999",0,268
"2000",0,268
"2001",0,268
"2002",0,268
"2003",0,268
"2004",0,268
"2005",0,268
"2006",0,268
"2007",0,268
"2008",1,268
"1970",0,944
"1971",0,944
"1972",0,944
"1973",0,944
"1974",0,944
"1975",0,944
"1976",0,944
"1977",0,944
"1978",0,944
"1979",0,944
"1980",0,944
"1981",0,944
"1982",1,944
"1983",0,944
"1984",1,944
"1985",0,944
"1986",0,944
"1987",0,944
"1988",1,944
"1989",0,944
"1990",1,944
"1991",0,944
"1992",0,944
"1993",1,944
"1994",0,944
"1995",0,944
"1996",1,944
"1997",0,944
"1998",0,944
"1999",0,944
"2000",0,944
"2001",0,944
"2002",0,944
"2003",0,944
"2004",0,944
"2005",0,944
"2006",0,944
"2007",0,944
"2008",1,944
"1970",0,534
"1971",0,534
"1972",0,534
"1973",0,534
"1974",0,534
"1975",0,534
"1976",0,534
"1977",0,534
"1978",0,534
"1979",0,534
"1980",0,534
"1981",0,534
"1982",0,534
"1983",0,534
"1984",0,534
"1985",0,534
"1986",0,534
"1987",0,534
"1988",0,534
"1989",0,534
"1990",0,534
"1991",1,534
"1992",0,534
"1993",0,534
"1994",0,534
"1995",0,534
"1996",0,534
"1997",0,534
"1998",0,534
"1999",0,534
"2000",0,534
"2001",0,534
"2002",0,534
"2003",0,534
"2004",0,534
"2005",0,534
"2006",0,534
"2007",0,534
"2008",0,534
"1970",1,536
"1971",1,536
"1972",1,536
"1973",1,536
"1974",0,536
"1975",0,536
"1976",0,536
"1977",0,536
"1978",0,536
"1979",0,536
"1980",0,536
"1981",0,536
"1982",0,536
"1983",0,536
"1984",0,536
"1985",0,536
"1986",0,536
"1987",0,536
"1988",0,536
"1989",0,536
"1990",0,536
"1991",0,536
"1992",0,536
"1993",0,536
"1994",0,536
"1995",0,536
"1996",0,536
"1997",1,536
"1998",0,536
"1999",0,536
"2000",0,536
"2001",0,536
"2002",0,536
"2003",0,536
"2004",0,536
"2005",0,536
"2006",0,536
"2007",0,536
"2008",0,536
"1970",0,429
"1971",0,429
"1972",0,429
"1973",0,429
"1974",0,429
"1975",0,429
"1976",0,429
"1977",0,429
"1978",0,429
"1979",0,429
"1980",0,429
"1981",0,429
"1982",0,429
"1983",0,429
"1984",0,429
"1985",0,429
"1986",0,429
"1987",0,429
"1988",0,429
"1989",0,429
"1990",0,429
"1991",0,429
"1992",0,429
"1993",0,429
"1994",0,429
"1995",0,429
"1996",0,429
"1997",0,429
"1998",0,429
"1999",0,429
"2000",0,429
"2001",0,429
"2002",0,429
"2003",0,429
"2004",0,429
"2005",0,429
"2006",0,429
"2007",0,429
"2008",0,429
"1970",0,433
"1971",0,433
"1972",0,433
"1973",0,433
"1974",0,433
"1975",0,433
"1976",0,433
"1977",0,433
"1978",0,433
"1979",0,433
"1980",0,433
"1981",0,433
"1982",0,433
"1983",0,433
"1984",0,433
"1985",0,433
"1986",0,433
"1987",0,433
"1988",0,433
"1989",0,433
"1990",0,433
"1991",0,433
"1992",0,433
"1993",0,433
"1994",0,433
"1995",0,433
"1996",0,433
"1997",0,433
"1998",0,433
"1999",0,433
"2000",0,433
"2001",0,433
"2002",0,433
"2003",0,433
"2004",0,433
"2005",1,433
"2006",0,433
"2007",1,433
"2008",0,433
"1970",0,436
"1971",0,436
"1972",0,436
"1973",0,436
"1974",1,436
"1975",1,436
"1976",1,436
"1977",0,436
"1978",0,436
"1979",0,436
"1980",0,436
"1981",0,436
"1982",0,436
"1983",0,436
"1984",0,436
"1985",0,436
"1986",0,436
"1987",0,436
"1988",0,436
"1989",0,436
"1990",0,436
"1991",0,436
"1992",0,436
"1993",0,436
"1994",0,436
"1995",0,436
"1996",0,436
"1997",0,436
"1998",0,436
"1999",0,436
"2000",0,436
"2001",0,436
"2002",0,436
"2003",0,436
"2004",0,436
"2005",0,436
"2006",0,436
"2007",0,436
"2008",0,436
"1970",0,343
"1971",0,343
"1972",0,343
"1973",1,343
"1974",0,343
"1975",0,343
"1976",0,343
"1977",1,343
"1978",0,343
"1979",0,343
"1980",0,343
"1981",0,343
"1982",0,343
"1983",0,343
"1984",1,343
"1985",1,343
"1986",0,343
"1987",1,343
"1988",1,343
"1989",0,343
"1990",1,343
"1991",1,343
"1992",0,343
"1993",0,343
"1994",0,343
"1995",0,343
"1996",0,343
"1997",0,343
"1998",0,343
"1999",0,343
"2000",0,343
"2001",0,343
"2002",0,343
"2003",0,343
"2004",0,343
"2005",0,343
"2006",0,343
"2007",0,343
"2008",0,343
"1970",0,439
"1971",0,439
"1972",0,439
"1973",0,439
"1974",0,439
"1975",0,439
"1976",0,439
"1977",0,439
"1978",0,439
"1979",0,439
"1980",0,439
"1981",0,439
"1982",0,439
"1983",0,439
"1984",0,439
"1985",0,439
"1986",0,439
"1987",0,439
"1988",0,439
"1989",1,439
"1990",0,439
"1991",0,439
"1992",1,439
"1993",0,439
"1994",0,439
"1995",0,439
"1996",0,439
"1997",0,439
"1998",0,439
"1999",0,439
"2000",0,439
"2001",0,439
"2002",1,439
"2003",0,439
"2004",0,439
"2005",0,439
"2006",0,439
"2007",0,439
"2008",0,439
"1970",0,916
"1971",0,916
"1972",0,916
"1973",0,916
"1974",0,916
"1975",0,916
"1976",0,916
"1977",0,916
"1978",0,916
"1979",0,916
"1980",0,916
"1981",0,916
"1982",0,916
"1983",0,916
"1984",0,916
"1985",0,916
"1986",0,916
"1987",0,916
"1988",0,916
"1989",0,916
"1990",0,916
"1991",0,916
"1992",0,916
"1993",0,916
"1994",1,916
"1995",1,916
"1996",0,916
"1997",0,916
"1998",0,916
"1999",0,916
"2000",0,916
"2001",0,916
"2002",0,916
"2003",0,916
"2004",0,916
"2005",0,916
"2006",0,916
"2007",0,916
"2008",0,916
"1970",0,664
"1971",0,664
"1972",0,664
"1973",0,664
"1974",0,664
"1975",0,664
"1976",0,664
"1977",0,664
"1978",1,664
"1979",1,664
"1980",1,664
"1981",0,664
"1982",1,664
"1983",1,664
"1984",0,664
"1985",1,664
"1986",0,664
"1987",0,664
"1988",1,664
"1989",0,664
"1990",0,664
"1991",0,664
"1992",0,664
"1993",0,664
"1994",0,664
"1995",0,664
"1996",0,664
"1997",0,664
"1998",0,664
"1999",0,664
"2000",0,664
"2001",0,664
"2002",0,664
"2003",0,664
"2004",0,664
"2005",0,664
"2006",0,664
"2007",0,664
"2008",0,664
"1970",0,826
"1971",0,826
"1972",0,826
"1973",0,826
"1974",0,826
"1975",0,826
"1976",0,826
"1977",0,826
"1978",0,826
"1979",0,826
"1980",0,826
"1981",0,826
"1982",0,826
"1983",0,826
"1984",0,826
"1985",0,826
"1986",0,826
"1987",0,826
"1988",0,826
"1989",0,826
"1990",0,826
"1991",0,826
"1992",0,826
"1993",0,826
"1994",0,826
"1995",0,826
"1996",0,826
"1997",0,826
"1998",0,826
"1999",0,826
"2000",0,826
"2001",0,826
"2002",0,826
"2003",0,826
"2004",0,826
"2005",0,826
"2006",0,826
"2007",0,826
"2008",0,826
"1970",1,542
"1971",1,542
"1972",1,542
"1973",1,542
"1974",1,542
"1975",1,542
"1976",0,542
"1977",1,542
"1978",0,542
"1979",0,542
"1980",1,542
"1981",1,542
"1982",0,542
"1983",1,542
"1984",0,542
"1985",1,542
"1986",0,542
"1987",0,542
"1988",0,542
"1989",0,542
"1990",0,542
"1991",0,542
"1992",0,542
"1993",0,542
"1994",0,542
"1995",0,542
"1996",0,542
"1997",1,542
"1998",0,542
"1999",0,542
"2000",0,542
"2001",0,542
"2002",0,542
"2003",0,542
"2004",0,542
"2005",0,542
"2006",0,542
"2007",0,542
"2008",0,542
"1970",0,443
"1971",0,443
"1972",0,443
"1973",0,443
"1974",0,443
"1975",0,443
"1976",0,443
"1977",0,443
"1978",0,443
"1979",0,443
"1980",0,443
"1981",0,443
"1982",0,443
"1983",0,443
"1984",0,443
"1985",0,443
"1986",0,443
"1987",0,443
"1988",0,443
"1989",0,443
"1990",0,443
"1991",0,443
"1992",0,443
"1993",0,443
"1994",0,443
"1995",0,443
"1996",0,443
"1997",0,443
"1998",0,443
"1999",0,443
"2000",0,443
"2001",0,443
"2002",0,443
"2003",0,443
"2004",0,443
"2005",0,443
"2006",0,443
"2007",0,443
"2008",0,443
"1970",0,917
"1971",0,917
"1972",0,917
"1973",0,917
"1974",0,917
"1975",0,917
"1976",0,917
"1977",0,917
"1978",0,917
"1979",0,917
"1980",0,917
"1981",0,917
"1982",0,917
"1983",0,917
"1984",0,917
"1985",0,917
"1986",0,917
"1987",0,917
"1988",0,917
"1989",0,917
"1990",0,917
"1991",0,917
"1992",0,917
"1993",1,917
"1994",0,917
"1995",0,917
"1996",0,917
"1997",0,917
"1998",0,917
"1999",0,917
"2000",0,917
"2001",0,917
"2002",0,917
"2003",0,917
"2004",0,917
"2005",0,917
"2006",0,917
"2007",0,917
"2008",0,917
"1970",0,544
"1971",0,544
"1972",0,544
"1973",0,544
"1974",0,544
"1975",0,544
"1976",0,544
"1977",0,544
"1978",0,544
"1979",0,544
"1980",1,544
"1981",0,544
"1982",0,544
"1983",0,544
"1984",0,544
"1985",0,544
"1986",0,544
"1987",0,544
"1988",0,544
"1989",0,544
"1990",0,544
"1991",0,544
"1992",0,544
"1993",0,544
"1994",0,544
"1995",0,544
"1996",0,544
"1997",0,544
"1998",0,544
"1999",0,544
"2000",0,544
"2001",0,544
"2002",0,544
"2003",0,544
"2004",0,544
"2005",0,544
"2006",0,544
"2007",0,544
"2008",0,544
"1970",0,941
"1971",0,941
"1972",0,941
"1973",0,941
"1974",0,941
"1975",0,941
"1976",0,941
"1977",0,941
"1978",0,941
"1979",0,941
"1980",0,941
"1981",0,941
"1982",0,941
"1983",0,941
"1984",0,941
"1985",0,941
"1986",0,941
"1987",0,941
"1988",0,941
"1989",0,941
"1990",0,941
"1991",0,941
"1992",1,941
"1993",1,941
"1994",0,941
"1995",1,941
"1996",1,941
"1997",1,941
"1998",0,941
"1999",1,941
"2000",0,941
"2001",1,941
"2002",0,941
"2003",0,941
"2004",0,941
"2005",0,941
"2006",0,941
"2007",0,941
"2008",1,941
"1970",0,446
"1971",0,446
"1972",0,446
"1973",0,446
"1974",0,446
"1975",0,446
"1976",0,446
"1977",0,446
"1978",0,446
"1979",0,446
"1980",0,446
"1981",0,446
"1982",0,446
"1983",0,446
"1984",0,446
"1985",0,446
"1986",0,446
"1987",0,446
"1988",0,446
"1989",0,446
"1990",0,446
"1991",0,446
"1992",0,446
"1993",0,446
"1994",0,446
"1995",0,446
"1996",0,446
"1997",0,446
"1998",0,446
"1999",0,446
"2000",0,446
"2001",0,446
"2002",0,446
"2003",0,446
"2004",0,446
"2005",0,446
"2006",0,446
"2007",0,446
"2008",0,446
"1970",0,666
"1971",0,666
"1972",0,666
"1973",0,666
"1974",0,666
"1975",0,666
"1976",0,666
"1977",0,666
"1978",0,666
"1979",0,666
"1980",0,666
"1981",0,666
"1982",0,666
"1983",0,666
"1984",0,666
"1985",0,666
"1986",0,666
"1987",0,666
"1988",0,666
"1989",0,666
"1990",0,666
"1991",0,666
"1992",0,666
"1993",0,666
"1994",1,666
"1995",1,666
"1996",1,666
"1997",0,666
"1998",0,666
"1999",0,666
"2000",0,666
"2001",0,666
"2002",0,666
"2003",0,666
"2004",0,666
"2005",0,666
"2006",0,666
"2007",0,666
"2008",0,666
"1970",1,668
"1971",0,668
"1972",1,668
"1973",1,668
"1974",1,668
"1975",0,668
"1976",1,668
"1977",0,668
"1978",0,668
"1979",1,668
"1980",1,668
"1981",1,668
"1982",1,668
"1983",1,668
"1984",1,668
"1985",0,668
"1986",0,668
"1987",0,668
"1988",0,668
"1989",0,668
"1990",0,668
"1991",0,668
"1992",0,668
"1993",0,668
"1994",0,668
"1995",0,668
"1996",0,668
"1997",0,668
"1998",0,668
"1999",0,668
"2000",0,668
"2001",0,668
"2002",0,668
"2003",0,668
"2004",0,668
"2005",0,668
"2006",0,668
"2007",0,668
"2008",1,668
"1970",0,672
"1971",0,672
"1972",0,672
"1973",0,672
"1974",0,672
"1975",0,672
"1976",0,672
"1977",0,672
"1978",0,672
"1979",0,672
"1980",0,672
"1981",0,672
"1982",0,672
"1983",0,672
"1984",0,672
"1985",0,672
"1986",0,672
"1987",0,672
"1988",0,672
"1989",0,672
"1990",0,672
"1991",0,672
"1992",0,672
"1993",0,672
"1994",0,672
"1995",0,672
"1996",0,672
"1997",0,672
"1998",0,672
"1999",0,672
"2000",0,672
"2001",0,672
"2002",0,672
"2003",0,672
"2004",0,672
"2005",0,672
"2006",0,672
"2007",0,672
"2008",0,672
"1970",0,946
"1971",0,946
"1972",0,946
"1973",0,946
"1974",0,946
"1975",0,946
"1976",0,946
"1977",0,946
"1978",0,946
"1979",0,946
"1980",0,946
"1981",0,946
"1982",0,946
"1983",0,946
"1984",0,946
"1985",0,946
"1986",0,946
"1987",0,946
"1988",0,946
"1989",0,946
"1990",0,946
"1991",0,946
"1992",1,946
"1993",1,946
"1994",0,946
"1995",0,946
"1996",0,946
"1997",0,946
"1998",0,946
"1999",0,946
"2000",1,946
"2001",1,946
"2002",0,946
"2003",0,946
"2004",0,946
"2005",0,946
"2006",0,946
"2007",0,946
"2008",0,946
"1970",0,962
"1971",0,962
"1972",0,962
"1973",0,962
"1974",0,962
"1975",0,962
"1976",0,962
"1977",0,962
"1978",0,962
"1979",0,962
"1980",0,962
"1981",0,962
"1982",0,962
"1983",0,962
"1984",0,962
"1985",0,962
"1986",0,962
"1987",0,962
"1988",0,962
"1989",0,962
"1990",0,962
"1991",0,962
"1992",0,962
"1993",0,962
"1994",0,962
"1995",1,962
"1996",0,962
"1997",0,962
"1998",0,962
"1999",0,962
"2000",0,962
"2001",0,962
"2002",0,962
"2003",1,962
"2004",0,962
"2005",1,962
"2006",0,962
"2007",0,962
"2008",0,962
"1970",0,674
"1971",0,674
"1972",0,674
"1973",0,674
"1974",0,674
"1975",0,674
"1976",0,674
"1977",1,674
"1978",0,674
"1979",0,674
"1980",1,674
"1981",1,674
"1982",1,674
"1983",0,674
"1984",1,674
"1985",1,674
"1986",1,674
"1987",0,674
"1988",1,674
"1989",0,674
"1990",0,674
"1991",0,674
"1992",0,674
"1993",0,674
"1994",0,674
"1995",0,674
"1996",0,674
"1997",0,674
"1998",0,674
"1999",0,674
"2000",0,674
"2001",0,674
"2002",0,674
"2003",0,674
"2004",0,674
"2005",0,674
"2006",0,674
"2007",0,674
"2008",0,674
"1970",0,676
"1971",0,676
"1972",0,676
"1973",0,676
"1974",0,676
"1975",0,676
"1976",0,676
"1977",0,676
"1978",0,676
"1979",1,676
"1980",1,676
"1981",0,676
"1982",1,676
"1983",0,676
"1984",0,676
"1985",0,676
"1986",0,676
"1987",0,676
"1988",1,676
"1989",0,676
"1990",0,676
"1991",0,676
"1992",0,676
"1993",0,676
"1994",1,676
"1995",0,676
"1996",0,676
"1997",0,676
"1998",0,676
"1999",0,676
"2000",0,676
"2001",0,676
"2002",0,676
"2003",0,676
"2004",0,676
"2005",0,676
"2006",0,676
"2007",0,676
"2008",0,676
"1970",0,548
"1971",0,548
"1972",0,548
"1973",0,548
"1974",0,548
"1975",0,548
"1976",0,548
"1977",0,548
"1978",0,548
"1979",0,548
"1980",0,548
"1981",0,548
"1982",0,548
"1983",0,548
"1984",0,548
"1985",0,548
"1986",0,548
"1987",0,548
"1988",0,548
"1989",0,548
"1990",0,548
"1991",0,548
"1992",0,548
"1993",0,548
"1994",0,548
"1995",0,548
"1996",0,548
"1997",0,548
"1998",0,548
"1999",0,548
"2000",0,548
"2001",0,548
"2002",0,548
"2003",0,548
"2004",0,548
"2005",0,548
"2006",0,548
"2007",0,548
"2008",0,548
"1970",0,556
"1971",0,556
"1972",0,556
"1973",0,556
"1974",0,556
"1975",0,556
"1976",0,556
"1977",0,556
"1978",0,556
"1979",0,556
"1980",0,556
"1981",0,556
"1982",0,556
"1983",0,556
"1984",0,556
"1985",0,556
"1986",0,556
"1987",0,556
"1988",0,556
"1989",0,556
"1990",0,556
"1991",0,556
"1992",0,556
"1993",0,556
"1994",0,556
"1995",0,556
"1996",0,556
"1997",0,556
"1998",0,556
"1999",0,556
"2000",0,556
"2001",0,556
"2002",0,556
"2003",0,556
"2004",0,556
"2005",0,556
"2006",0,556
"2007",0,556
"2008",0,556
"1970",0,678
"1971",1,678
"1972",0,678
"1973",0,678
"1974",0,678
"1975",0,678
"1976",0,678
"1977",0,678
"1978",0,678
"1979",0,678
"1980",0,678
"1981",0,678
"1982",1,678
"1983",1,678
"1984",0,678
"1985",1,678
"1986",0,678
"1987",0,678
"1988",1,678
"1989",0,678
"1990",0,678
"1991",0,678
"1992",0,678
"1993",0,678
"1994",0,678
"1995",0,678
"1996",0,678
"1997",0,678
"1998",0,678
"1999",0,678
"2000",0,678
"2001",0,678
"2002",0,678
"2003",0,678
"2004",0,678
"2005",0,678
"2006",0,678
"2007",0,678
"2008",0,678
"1970",0,181
"1971",0,181
"1972",0,181
"1973",0,181
"1974",0,181
"1975",0,181
"1976",0,181
"1977",0,181
"1978",0,181
"1979",0,181
"1980",0,181
"1981",0,181
"1982",0,181
"1983",0,181
"1984",0,181
"1985",0,181
"1986",0,181
"1987",0,181
"1988",0,181
"1989",0,181
"1990",0,181
"1991",0,181
"1992",0,181
"1993",0,181
"1994",0,181
"1995",0,181
"1996",0,181
"1997",0,181
"1998",0,181
"1999",0,181
"2000",0,181
"2001",0,181
"2002",0,181
"2003",0,181
"2004",0,181
"2005",0,181
"2006",0,181
"2007",0,181
"2008",0,181
"1970",0,867
"1971",0,867
"1972",0,867
"1973",0,867
"1974",0,867
"1975",0,867
"1976",0,867
"1977",0,867
"1978",0,867
"1979",0,867
"1980",0,867
"1981",0,867
"1982",0,867
"1983",0,867
"1984",0,867
"1985",0,867
"1986",0,867
"1987",0,867
"1988",0,867
"1989",0,867
"1990",0,867
"1991",0,867
"1992",0,867
"1993",0,867
"1994",0,867
"1995",0,867
"1996",0,867
"1997",0,867
"1998",0,867
"1999",0,867
"2000",0,867
"2001",0,867
"2002",0,867
"2003",0,867
"2004",0,867
"2005",0,867
"2006",0,867
"2007",0,867
"2008",0,867
"1970",0,682
"1971",0,682
"1972",0,682
"1973",0,682
"1974",0,682
"1975",0,682
"1976",0,682
"1977",1,682
"1978",0,682
"1979",0,682
"1980",1,682
"1981",1,682
"1982",0,682
"1983",0,682
"1984",0,682
"1985",1,682
"1986",1,682
"1987",1,682
"1988",0,682
"1989",0,682
"1990",0,682
"1991",0,682
"1992",0,682
"1993",0,682
"1994",0,682
"1995",0,682
"1996",0,682
"1997",0,682
"1998",0,682
"1999",0,682
"2000",0,682
"2001",0,682
"2002",0,682
"2003",0,682
"2004",0,682
"2005",0,682
"2006",0,682
"2007",0,682
"2008",0,682
"1970",0,684
"1971",0,684
"1972",0,684
"1973",0,684
"1974",0,684
"1975",0,684
"1976",0,684
"1977",0,684
"1978",1,684
"1979",1,684
"1980",1,684
"1981",1,684
"1982",0,684
"1983",1,684
"1984",0,684
"1985",1,684
"1986",0,684
"1987",0,684
"1988",0,684
"1989",0,684
"1990",0,684
"1991",0,684
"1992",0,684
"1993",0,684
"1994",0,684
"1995",0,684
"1996",0,684
"1997",0,684
"1998",0,684
"1999",0,684
"2000",0,684
"2001",0,684
"2002",0,684
"2003",0,684
"2004",0,684
"2005",0,684
"2006",0,684
"2007",0,684
"2008",0,684
"1970",0,273
"1971",0,273
"1972",0,273
"1973",0,273
"1974",0,273
"1975",0,273
"1976",0,273
"1977",0,273
"1978",0,273
"1979",0,273
"1980",0,273
"1981",0,273
"1982",0,273
"1983",0,273
"1984",0,273
"1985",0,273
"1986",1,273
"1987",0,273
"1988",0,273
"1989",0,273
"1990",0,273
"1991",0,273
"1992",0,273
"1993",0,273
"1994",0,273
"1995",1,273
"1996",0,273
"1997",0,273
"1998",0,273
"1999",1,273
"2000",0,273
"2001",0,273
"2002",0,273
"2003",0,273
"2004",0,273
"2005",0,273
"2006",0,273
"2007",0,273
"2008",0,273
"1970",0,868
"1971",0,868
"1972",0,868
"1973",0,868
"1974",0,868
"1975",0,868
"1976",0,868
"1977",0,868
"1978",0,868
"1979",0,868
"1980",0,868
"1981",0,868
"1982",0,868
"1983",0,868
"1984",0,868
"1985",0,868
"1986",0,868
"1987",0,868
"1988",0,868
"1989",0,868
"1990",0,868
"1991",0,868
"1992",0,868
"1993",0,868
"1994",0,868
"1995",0,868
"1996",0,868
"1997",0,868
"1998",0,868
"1999",0,868
"2000",0,868
"2001",0,868
"2002",0,868
"2003",0,868
"2004",0,868
"2005",0,868
"2006",0,868
"2007",0,868
"2008",0,868
"1970",0,921
"1971",0,921
"1972",0,921
"1973",0,921
"1974",0,921
"1975",0,921
"1976",0,921
"1977",0,921
"1978",0,921
"1979",0,921
"1980",0,921
"1981",0,921
"1982",0,921
"1983",0,921
"1984",0,921
"1985",0,921
"1986",0,921
"1987",0,921
"1988",0,921
"1989",0,921
"1990",0,921
"1991",0,921
"1992",0,921
"1993",1,921
"1994",0,921
"1995",1,921
"1996",0,921
"1997",0,921
"1998",0,921
"1999",0,921
"2000",0,921
"2001",0,921
"2002",0,921
"2003",0,921
"2004",0,921
"2005",0,921
"2006",0,921
"2007",0,921
"2008",0,921
"1970",0,948
"1971",0,948
"1972",0,948
"1973",0,948
"1974",0,948
"1975",0,948
"1976",0,948
"1977",0,948
"1978",0,948
"1979",0,948
"1980",0,948
"1981",0,948
"1982",0,948
"1983",0,948
"1984",0,948
"1985",0,948
"1986",0,948
"1987",0,948
"1988",0,948
"1989",0,948
"1990",0,948
"1991",1,948
"1992",0,948
"1993",0,948
"1994",0,948
"1995",0,948
"1996",0,948
"1997",0,948
"1998",0,948
"1999",0,948
"2000",0,948
"2001",0,948
"2002",0,948
"2003",0,948
"2004",0,948
"2005",0,948
"2006",0,948
"2007",0,948
"2008",0,948
"1970",0,686
"1971",1,686
"1972",0,686
"1973",0,686
"1974",0,686
"1975",0,686
"1976",0,686
"1977",0,686
"1978",0,686
"1979",0,686
"1980",0,686
"1981",0,686
"1982",1,686
"1983",1,686
"1984",0,686
"1985",1,686
"1986",1,686
"1987",0,686
"1988",1,686
"1989",0,686
"1990",0,686
"1991",0,686
"1992",1,686
"1993",0,686
"1994",0,686
"1995",0,686
"1996",0,686
"1997",0,686
"1998",0,686
"1999",0,686
"2000",0,686
"2001",0,686
"2002",0,686
"2003",0,686
"2004",0,686
"2005",0,686
"2006",0,686
"2007",0,686
"2008",0,686
"1970",0,688
"1971",0,688
"1972",0,688
"1973",0,688
"1974",0,688
"1975",0,688
"1976",0,688
"1977",0,688
"1978",0,688
"1979",0,688
"1980",0,688
"1981",0,688
"1982",0,688
"1983",0,688
"1984",0,688
"1985",0,688
"1986",0,688
"1987",0,688
"1988",0,688
"1989",0,688
"1990",0,688
"1991",0,688
"1992",0,688
"1993",0,688
"1994",0,688
"1995",0,688
"1996",0,688
"1997",0,688
"1998",0,688
"1999",0,688
"2000",0,688
"2001",0,688
"2002",0,688
"2003",0,688
"2004",0,688
"2005",0,688
"2006",0,688
"2007",0,688
"2008",0,688
"1970",0,518
"1971",0,518
"1972",0,518
"1973",1,518
"1974",1,518
"1975",0,518
"1976",0,518
"1977",1,518
"1978",1,518
"1979",0,518
"1980",0,518
"1981",1,518
"1982",0,518
"1983",0,518
"1984",0,518
"1985",0,518
"1986",0,518
"1987",0,518
"1988",0,518
"1989",0,518
"1990",0,518
"1991",0,518
"1992",0,518
"1993",0,518
"1994",0,518
"1995",0,518
"1996",0,518
"1997",0,518
"1998",0,518
"1999",0,518
"2000",0,518
"2001",0,518
"2002",0,518
"2003",0,518
"2004",0,518
"2005",0,518
"2006",0,518
"2007",0,518
"2008",0,518
"1970",0,NA
"1971",0,NA
"1972",0,NA
"1973",0,NA
"1974",0,NA
"1975",0,NA
"1976",0,NA
"1977",0,NA
"1978",0,NA
"1979",0,NA
"1980",0,NA
"1981",0,NA
"1982",0,NA
"1983",0,NA
"1984",0,NA
"1985",0,NA
"1986",0,NA
"1987",0,NA
"1988",0,NA
"1989",0,NA
"1990",0,NA
"1991",0,NA
"1992",0,NA
"1993",0,NA
"1994",0,NA
"1995",0,NA
"1996",0,NA
"1997",0,NA
"1998",0,NA
"1999",0,NA
"2000",0,NA
"2001",0,NA
"2002",0,NA
"2003",0,NA
"2004",0,NA
"2005",0,NA
"2006",0,NA
"2007",0,NA
"2008",0,NA
"1970",0,558
"1971",0,558
"1972",0,558
"1973",0,558
"1974",0,558
"1975",0,558
"1976",1,558
"1977",0,558
"1978",0,558
"1979",0,558
"1980",0,558
"1981",0,558
"1982",0,558
"1983",0,558
"1984",0,558
"1985",1,558
"1986",0,558
"1987",0,558
"1988",0,558
"1989",0,558
"1990",0,558
"1991",0,558
"1992",0,558
"1993",0,558
"1994",0,558
"1995",0,558
"1996",0,558
"1997",0,558
"1998",0,558
"1999",0,558
"2000",0,558
"2001",0,558
"2002",0,558
"2003",0,558
"2004",0,558
"2005",0,558
"2006",0,558
"2007",0,558
"2008",0,558
"1970",1,278
"1971",0,278
"1972",1,278
"1973",0,278
"1974",0,278
"1975",0,278
"1976",0,278
"1977",0,278
"1978",0,278
"1979",1,278
"1980",0,278
"1981",0,278
"1982",0,278
"1983",0,278
"1984",0,278
"1985",0,278
"1986",0,278
"1987",0,278
"1988",0,278
"1989",0,278
"1990",0,278
"1991",1,278
"1992",0,278
"1993",0,278
"1994",0,278
"1995",0,278
"1996",0,278
"1997",0,278
"1998",0,278
"1999",0,278
"2000",0,278
"2001",0,278
"2002",0,278
"2003",0,278
"2004",0,278
"2005",0,278
"2006",0,278
"2007",0,278
"2008",0,278
"1970",0,692
"1971",0,692
"1972",0,692
"1973",0,692
"1974",0,692
"1975",0,692
"1976",0,692
"1977",0,692
"1978",0,692
"1979",0,692
"1980",0,692
"1981",0,692
"1982",0,692
"1983",1,692
"1984",1,692
"1985",1,692
"1986",1,692
"1987",0,692
"1988",0,692
"1989",0,692
"1990",0,692
"1991",0,692
"1992",0,692
"1993",0,692
"1994",1,692
"1995",0,692
"1996",0,692
"1997",0,692
"1998",0,692
"1999",0,692
"2000",0,692
"2001",0,692
"2002",0,692
"2003",0,692
"2004",0,692
"2005",0,692
"2006",0,692
"2007",0,692
"2008",0,692
"1970",0,694
"1971",0,694
"1972",0,694
"1973",0,694
"1974",0,694
"1975",0,694
"1976",0,694
"1977",0,694
"1978",0,694
"1979",0,694
"1980",0,694
"1981",0,694
"1982",0,694
"1983",0,694
"1984",0,694
"1985",0,694
"1986",0,694
"1987",1,694
"1988",0,694
"1989",1,694
"1990",0,694
"1991",1,694
"1992",0,694
"1993",0,694
"1994",0,694
"1995",0,694
"1996",0,694
"1997",0,694
"1998",0,694
"1999",0,694
"2000",1,694
"2001",0,694
"2002",0,694
"2003",0,694
"2004",0,694
"2005",0,694
"2006",0,694
"2007",0,694
"2008",0,694
"1970",0,NA
"1971",0,NA
"1972",0,NA
"1973",0,NA
"1974",0,NA
"1975",0,NA
"1976",0,NA
"1977",0,NA
"1978",0,NA
"1979",0,NA
"1980",0,NA
"1981",0,NA
"1982",0,NA
"1983",0,NA
"1984",0,NA
"1985",0,NA
"1986",0,NA
"1987",0,NA
"1988",0,NA
"1989",0,NA
"1990",0,NA
"1991",0,NA
"1992",0,NA
"1993",0,NA
"1994",0,NA
"1995",0,NA
"1996",0,NA
"1997",0,NA
"1998",0,NA
"1999",0,NA
"2000",0,NA
"2001",0,NA
"2002",0,NA
"2003",0,NA
"2004",0,NA
"2005",0,NA
"2006",0,NA
"2007",0,NA
"2008",0,NA
"1970",0,564
"1971",0,564
"1972",1,564
"1973",1,564
"1974",1,564
"1975",0,564
"1976",0,564
"1977",1,564
"1978",0,564
"1979",0,564
"1980",0,564
"1981",0,564
"1982",0,564
"1983",0,564
"1984",0,564
"1985",0,564
"1986",0,564
"1987",0,564
"1988",1,564
"1989",0,564
"1990",0,564
"1991",0,564
"1992",0,564
"1993",1,564
"1994",0,564
"1995",1,564
"1996",0,564
"1997",0,564
"1998",0,564
"1999",0,564
"2000",1,564
"2001",0,564
"2002",0,564
"2003",0,564
"2004",0,564
"2005",0,564
"2006",0,564
"2007",0,564
"2008",1,564
"1970",0,565
"1971",0,565
"1972",0,565
"1973",0,565
"1974",0,565
"1975",0,565
"1976",0,565
"1977",0,565
"1978",0,565
"1979",0,565
"1980",0,565
"1981",0,565
"1982",0,565
"1983",0,565
"1984",0,565
"1985",0,565
"1986",0,565
"1987",0,565
"1988",0,565
"1989",0,565
"1990",0,565
"1991",0,565
"1992",0,565
"1993",0,565
"1994",0,565
"1995",0,565
"1996",0,565
"1997",0,565
"1998",0,565
"1999",0,565
"2000",0,565
"2001",0,565
"2002",0,565
"2003",0,565
"2004",0,565
"2005",0,565
"2006",0,565
"2007",0,565
"2008",0,565
"1970",1,283
"1971",1,283
"1972",1,283
"1973",1,283
"1974",1,283
"1975",1,283
"1976",0,283
"1977",1,283
"1978",1,283
"1979",1,283
"1980",1,283
"1981",0,283
"1982",1,283
"1983",1,283
"1984",0,283
"1985",1,283
"1986",0,283
"1987",0,283
"1988",0,283
"1989",0,283
"1990",0,283
"1991",0,283
"1992",1,283
"1993",0,283
"1994",0,283
"1995",1,283
"1996",0,283
"1997",0,283
"1998",0,283
"1999",0,283
"2000",1,283
"2001",0,283
"2002",0,283
"2003",0,283
"2004",0,283
"2005",0,283
"2006",0,283
"2007",0,283
"2008",0,283
"1970",0,853
"1971",0,853
"1972",0,853
"1973",0,853
"1974",0,853
"1975",0,853
"1976",0,853
"1977",0,853
"1978",0,853
"1979",0,853
"1980",0,853
"1981",0,853
"1982",0,853
"1983",0,853
"1984",0,853
"1985",0,853
"1986",0,853
"1987",0,853
"1988",0,853
"1989",0,853
"1990",1,853
"1991",1,853
"1992",0,853
"1993",0,853
"1994",0,853
"1995",1,853
"1996",0,853
"1997",0,853
"1998",0,853
"1999",0,853
"2000",1,853
"2001",0,853
"2002",0,853
"2003",0,853
"2004",0,853
"2005",0,853
"2006",0,853
"2007",0,853
"2008",0,853
"1970",0,288
"1971",0,288
"1972",0,288
"1973",0,288
"1974",0,288
"1975",0,288
"1976",0,288
"1977",0,288
"1978",0,288
"1979",0,288
"1980",0,288
"1981",0,288
"1982",0,288
"1983",0,288
"1984",0,288
"1985",0,288
"1986",0,288
"1987",0,288
"1988",0,288
"1989",0,288
"1990",0,288
"1991",0,288
"1992",0,288
"1993",0,288
"1994",0,288
"1995",0,288
"1996",0,288
"1997",0,288
"1998",0,288
"1999",0,288
"2000",0,288
"2001",0,288
"2002",0,288
"2003",1,288
"2004",0,288
"2005",0,288
"2006",1,288
"2007",0,288
"2008",0,288
"1970",1,293
"1971",0,293
"1972",0,293
"1973",0,293
"1974",0,293
"1975",0,293
"1976",0,293
"1977",1,293
"1978",1,293
"1979",1,293
"1980",0,293
"1981",0,293
"1982",0,293
"1983",0,293
"1984",1,293
"1985",0,293
"1986",0,293
"1987",0,293
"1988",0,293
"1989",0,293
"1990",0,293
"1991",0,293
"1992",0,293
"1993",0,293
"1994",0,293
"1995",0,293
"1996",0,293
"1997",0,293
"1998",0,293
"1999",0,293
"2000",0,293
"2001",1,293
"2002",1,293
"2003",0,293
"2004",1,293
"2005",0,293
"2006",0,293
"2007",1,293
"2008",0,293
"1970",1,566
"1971",1,566
"1972",1,566
"1973",1,566
"1974",1,566
"1975",1,566
"1976",0,566
"1977",0,566
"1978",0,566
"1979",1,566
"1980",1,566
"1981",0,566
"1982",0,566
"1983",1,566
"1984",1,566
"1985",0,566
"1986",1,566
"1987",0,566
"1988",0,566
"1989",0,566
"1990",0,566
"1991",1,566
"1992",0,566
"1993",0,566
"1994",0,566
"1995",0,566
"1996",0,566
"1997",0,566
"1998",1,566
"1999",0,566
"2000",0,566
"2001",0,566
"2002",0,566
"2003",0,566
"2004",0,566
"2005",0,566
"2006",0,566
"2007",0,566
"2008",0,566
"1970",0,964
"1971",0,964
"1972",0,964
"1973",0,964
"1974",0,964
"1975",0,964
"1976",0,964
"1977",0,964
"1978",0,964
"1979",0,964
"1980",0,964
"1981",0,964
"1982",0,964
"1983",0,964
"1984",0,964
"1985",0,964
"1986",0,964
"1987",0,964
"1988",0,964
"1989",0,964
"1990",1,964
"1991",0,964
"1992",0,964
"1993",1,964
"1994",1,964
"1995",0,964
"1996",0,964
"1997",0,964
"1998",0,964
"1999",0,964
"2000",0,964
"2001",0,964
"2002",0,964
"2003",0,964
"2004",0,964
"2005",0,964
"2006",0,964
"2007",0,964
"2008",0,964
"1970",0,453
"1971",0,453
"1972",0,453
"1973",0,453
"1974",0,453
"1975",0,453
"1976",0,453
"1977",0,453
"1978",0,453
"1979",0,453
"1980",0,453
"1981",0,453
"1982",0,453
"1983",0,453
"1984",0,453
"1985",0,453
"1986",0,453
"1987",0,453
"1988",0,453
"1989",0,453
"1990",0,453
"1991",0,453
"1992",0,453
"1993",0,453
"1994",0,453
"1995",0,453
"1996",0,453
"1997",0,453
"1998",0,453
"1999",0,453
"2000",0,453
"2001",0,453
"2002",0,453
"2003",0,453
"2004",0,453
"2005",0,453
"2006",0,453
"2007",0,453
"2008",0,453
"1970",0,968
"1971",0,968
"1972",0,968
"1973",0,968
"1974",0,968
"1975",1,968
"1976",0,968
"1977",1,968
"1978",0,968
"1979",0,968
"1980",0,968
"1981",1,968
"1982",0,968
"1983",0,968
"1984",0,968
"1985",0,968
"1986",0,968
"1987",0,968
"1988",0,968
"1989",0,968
"1990",0,968
"1991",1,968
"1992",0,968
"1993",0,968
"1994",1,968
"1995",0,968
"1996",0,968
"1997",1,968
"1998",0,968
"1999",1,968
"2000",0,968
"2001",1,968
"2002",0,968
"2003",0,968
"2004",1,968
"2005",0,968
"2006",0,968
"2007",0,968
"2008",0,968
"1970",0,922
"1971",0,922
"1972",0,922
"1973",0,922
"1974",0,922
"1975",0,922
"1976",0,922
"1977",0,922
"1978",0,922
"1979",0,922
"1980",0,922
"1981",0,922
"1982",0,922
"1983",0,922
"1984",0,922
"1985",0,922
"1986",0,922
"1987",0,922
"1988",0,922
"1989",0,922
"1990",0,922
"1991",0,922
"1992",0,922
"1993",0,922
"1994",0,922
"1995",1,922
"1996",0,922
"1997",0,922
"1998",0,922
"1999",1,922
"2000",0,922
"2001",0,922
"2002",0,922
"2003",0,922
"2004",0,922
"2005",0,922
"2006",0,922
"2007",0,922
"2008",0,922
"1970",0,714
"1971",0,714
"1972",0,714
"1973",0,714
"1974",0,714
"1975",0,714
"1976",0,714
"1977",0,714
"1978",0,714
"1979",1,714
"1980",0,714
"1981",0,714
"1982",0,714
"1983",0,714
"1984",0,714
"1985",0,714
"1986",0,714
"1987",0,714
"1988",0,714
"1989",0,714
"1990",0,714
"1991",0,714
"1992",0,714
"1993",0,714
"1994",0,714
"1995",0,714
"1996",0,714
"1997",0,714
"1998",0,714
"1999",0,714
"2000",0,714
"2001",0,714
"2002",0,714
"2003",0,714
"2004",0,714
"2005",0,714
"2006",0,714
"2007",0,714
"2008",0,714
"1970",0,862
"1971",0,862
"1972",0,862
"1973",0,862
"1974",0,862
"1975",1,862
"1976",0,862
"1977",1,862
"1978",1,862
"1979",1,862
"1980",0,862
"1981",0,862
"1982",0,862
"1983",1,862
"1984",1,862
"1985",0,862
"1986",0,862
"1987",0,862
"1988",0,862
"1989",0,862
"1990",0,862
"1991",0,862
"1992",0,862
"1993",0,862
"1994",0,862
"1995",0,862
"1996",0,862
"1997",0,862
"1998",0,862
"1999",0,862
"2000",0,862
"2001",0,862
"2002",0,862
"2003",0,862
"2004",0,862
"2005",0,862
"2006",0,862
"2007",0,862
"2008",0,862
"1970",0,716
"1971",0,716
"1972",0,716
"1973",0,716
"1974",0,716
"1975",0,716
"1976",0,716
"1977",0,716
"1978",0,716
"1979",0,716
"1980",0,716
"1981",0,716
"1982",0,716
"1983",0,716
"1984",0,716
"1985",0,716
"1986",0,716
"1987",0,716
"1988",0,716
"1989",0,716
"1990",0,716
"1991",0,716
"1992",0,716
"1993",0,716
"1994",0,716
"1995",0,716
"1996",0,716
"1997",0,716
"1998",0,716
"1999",0,716
"2000",0,716
"2001",0,716
"2002",0,716
"2003",0,716
"2004",0,716
"2005",0,716
"2006",0,716
"2007",0,716
"2008",0,716
"1970",0,456
"1971",0,456
"1972",0,456
"1973",0,456
"1974",0,456
"1975",0,456
"1976",0,456
"1977",0,456
"1978",0,456
"1979",0,456
"1980",0,456
"1981",0,456
"1982",0,456
"1983",0,456
"1984",0,456
"1985",0,456
"1986",0,456
"1987",0,456
"1988",0,456
"1989",0,456
"1990",0,456
"1991",0,456
"1992",0,456
"1993",0,456
"1994",0,456
"1995",0,456
"1996",0,456
"1997",0,456
"1998",0,456
"1999",0,456
"2000",0,456
"2001",0,456
"2002",0,456
"2003",0,456
"2004",0,456
"2005",0,456
"2006",0,456
"2007",0,456
"2008",0,456
"1970",0,722
"1971",0,722
"1972",0,722
"1973",0,722
"1974",0,722
"1975",0,722
"1976",0,722
"1977",0,722
"1978",0,722
"1979",1,722
"1980",0,722
"1981",1,722
"1982",1,722
"1983",1,722
"1984",0,722
"1985",1,722
"1986",1,722
"1987",1,722
"1988",0,722
"1989",0,722
"1990",0,722
"1991",0,722
"1992",0,722
"1993",0,722
"1994",1,722
"1995",0,722
"1996",0,722
"1997",0,722
"1998",0,722
"1999",0,722
"2000",0,722
"2001",0,722
"2002",0,722
"2003",0,722
"2004",0,722
"2005",0,722
"2006",0,722
"2007",0,722
"2008",0,722
"1970",0,718
"1971",0,718
"1972",0,718
"1973",0,718
"1974",0,718
"1975",0,718
"1976",0,718
"1977",0,718
"1978",0,718
"1979",0,718
"1980",0,718
"1981",0,718
"1982",0,718
"1983",0,718
"1984",0,718
"1985",0,718
"1986",0,718
"1987",0,718
"1988",0,718
"1989",0,718
"1990",0,718
"1991",0,718
"1992",0,718
"1993",0,718
"1994",0,718
"1995",0,718
"1996",0,718
"1997",0,718
"1998",0,718
"1999",0,718
"2000",0,718
"2001",0,718
"2002",0,718
"2003",0,718
"2004",0,718
"2005",0,718
"2006",0,718
"2007",0,718
"2008",1,718
"1970",0,724
"1971",0,724
"1972",0,724
"1973",0,724
"1974",0,724
"1975",0,724
"1976",0,724
"1977",1,724
"1978",0,724
"1979",1,724
"1980",0,724
"1981",0,724
"1982",0,724
"1983",0,724
"1984",1,724
"1985",0,724
"1986",1,724
"1987",0,724
"1988",0,724
"1989",0,724
"1990",0,724
"1991",0,724
"1992",0,724
"1993",0,724
"1994",0,724
"1995",0,724
"1996",0,724
"1997",0,724
"1998",0,724
"1999",0,724
"2000",0,724
"2001",0,724
"2002",0,724
"2003",0,724
"2004",0,724
"2005",0,724
"2006",0,724
"2007",0,724
"2008",0,724
"1970",0,576
"1971",0,576
"1972",0,576
"1973",0,576
"1974",0,576
"1975",0,576
"1976",0,576
"1977",0,576
"1978",0,576
"1979",0,576
"1980",0,576
"1981",0,576
"1982",0,576
"1983",0,576
"1984",0,576
"1985",0,576
"1986",0,576
"1987",0,576
"1988",0,576
"1989",0,576
"1990",0,576
"1991",0,576
"1992",0,576
"1993",0,576
"1994",0,576
"1995",0,576
"1996",0,576
"1997",0,576
"1998",0,576
"1999",0,576
"2000",0,576
"2001",0,576
"2002",0,576
"2003",0,576
"2004",0,576
"2005",0,576
"2006",0,576
"2007",0,576
"2008",0,576
"1970",0,936
"1971",0,936
"1972",0,936
"1973",0,936
"1974",0,936
"1975",0,936
"1976",0,936
"1977",0,936
"1978",0,936
"1979",0,936
"1980",0,936
"1981",0,936
"1982",0,936
"1983",0,936
"1984",0,936
"1985",0,936
"1986",0,936
"1987",0,936
"1988",0,936
"1989",0,936
"1990",0,936
"1991",0,936
"1992",0,936
"1993",0,936
"1994",1,936
"1995",0,936
"1996",0,936
"1997",0,936
"1998",0,936
"1999",0,936
"2000",0,936
"2001",0,936
"2002",0,936
"2003",0,936
"2004",0,936
"2005",0,936
"2006",0,936
"2007",0,936
"2008",0,936
"1970",0,961
"1971",0,961
"1972",0,961
"1973",0,961
"1974",0,961
"1975",0,961
"1976",0,961
"1977",0,961
"1978",0,961
"1979",0,961
"1980",0,961
"1981",0,961
"1982",0,961
"1983",0,961
"1984",0,961
"1985",0,961
"1986",0,961
"1987",0,961
"1988",0,961
"1989",0,961
"1990",0,961
"1991",0,961
"1992",0,961
"1993",0,961
"1994",0,961
"1995",0,961
"1996",0,961
"1997",0,961
"1998",0,961
"1999",0,961
"2000",0,961
"2001",0,961
"2002",0,961
"2003",0,961
"2004",0,961
"2005",0,961
"2006",0,961
"2007",0,961
"2008",0,961
"1970",0,813
"1971",0,813
"1972",0,813
"1973",0,813
"1974",0,813
"1975",0,813
"1976",0,813
"1977",0,813
"1978",0,813
"1979",0,813
"1980",0,813
"1981",1,813
"1982",0,813
"1983",1,813
"1984",0,813
"1985",0,813
"1986",0,813
"1987",0,813
"1988",0,813
"1989",0,813
"1990",0,813
"1991",0,813
"1992",0,813
"1993",0,813
"1994",0,813
"1995",0,813
"1996",0,813
"1997",0,813
"1998",0,813
"1999",0,813
"2000",0,813
"2001",0,813
"2002",0,813
"2003",0,813
"2004",0,813
"2005",0,813
"2006",0,813
"2007",0,813
"2008",0,813
"1970",1,726
"1971",0,726
"1972",0,726
"1973",0,726
"1974",0,726
"1975",0,726
"1976",0,726
"1977",0,726
"1978",0,726
"1979",0,726
"1980",1,726
"1981",1,726
"1982",1,726
"1983",0,726
"1984",0,726
"1985",1,726
"1986",0,726
"1987",1,726
"1988",0,726
"1989",0,726
"1990",0,726
"1991",0,726
"1992",0,726
"1993",0,726
"1994",0,726
"1995",0,726
"1996",0,726
"1997",0,726
"1998",0,726
"1999",0,726
"2000",0,726
"2001",0,726
"2002",0,726
"2003",0,726
"2004",0,726
"2005",0,726
"2006",0,726
"2007",0,726
"2008",0,726
"1970",0,199
"1971",0,199
"1972",0,199
"1973",0,199
"1974",0,199
"1975",0,199
"1976",1,199
"1977",0,199
"1978",0,199
"1979",0,199
"1980",0,199
"1981",0,199
"1982",1,199
"1983",0,199
"1984",0,199
"1985",0,199
"1986",0,199
"1987",0,199
"1988",0,199
"1989",0,199
"1990",0,199
"1991",0,199
"1992",0,199
"1993",0,199
"1994",0,199
"1995",0,199
"1996",0,199
"1997",0,199
"1998",0,199
"1999",0,199
"2000",0,199
"2001",0,199
"2002",0,199
"2003",0,199
"2004",0,199
"2005",0,199
"2006",0,199
"2007",0,199
"2008",0,199
"1970",0,524
"1971",1,524
"1972",0,524
"1973",0,524
"1974",1,524
"1975",0,524
"1976",0,524
"1977",1,524
"1978",0,524
"1979",0,524
"1980",0,524
"1981",0,524
"1982",0,524
"1983",1,524
"1984",0,524
"1985",0,524
"1986",0,524
"1987",0,524
"1988",0,524
"1989",0,524
"1990",0,524
"1991",0,524
"1992",0,524
"1993",0,524
"1994",0,524
"1995",0,524
"1996",0,524
"1997",0,524
"1998",0,524
"1999",0,524
"2000",0,524
"2001",1,524
"2002",0,524
"2003",0,524
"2004",0,524
"2005",0,524
"2006",0,524
"2007",0,524
"2008",0,524
"1970",0,361
"1971",0,361
"1972",0,361
"1973",0,361
"1974",0,361
"1975",0,361
"1976",0,361
"1977",0,361
"1978",0,361
"1979",0,361
"1980",0,361
"1981",0,361
"1982",0,361
"1983",0,361
"1984",0,361
"1985",0,361
"1986",0,361
"1987",0,361
"1988",0,361
"1989",0,361
"1990",0,361
"1991",0,361
"1992",0,361
"1993",0,361
"1994",0,361
"1995",0,361
"1996",0,361
"1997",0,361
"1998",0,361
"1999",0,361
"2000",0,361
"2001",0,361
"2002",0,361
"2003",0,361
"2004",0,361
"2005",0,361
"2006",0,361
"2007",0,361
"2008",0,361
"1970",0,362
"1971",0,362
"1972",0,362
"1973",0,362
"1974",0,362
"1975",0,362
"1976",0,362
"1977",0,362
"1978",0,362
"1979",0,362
"1980",0,362
"1981",0,362
"1982",0,362
"1983",0,362
"1984",0,362
"1985",0,362
"1986",0,362
"1987",0,362
"1988",0,362
"1989",0,362
"1990",0,362
"1991",0,362
"1992",0,362
"1993",0,362
"1994",0,362
"1995",0,362
"1996",0,362
"1997",0,362
"1998",0,362
"1999",0,362
"2000",0,362
"2001",0,362
"2002",0,362
"2003",0,362
"2004",0,362
"2005",0,362
"2006",0,362
"2007",0,362
"2008",0,362
"1970",0,364
"1971",0,364
"1972",0,364
"1973",0,364
"1974",0,364
"1975",0,364
"1976",0,364
"1977",0,364
"1978",0,364
"1979",0,364
"1980",0,364
"1981",0,364
"1982",0,364
"1983",0,364
"1984",0,364
"1985",0,364
"1986",0,364
"1987",0,364
"1988",0,364
"1989",0,364
"1990",0,364
"1991",0,364
"1992",0,364
"1993",0,364
"1994",0,364
"1995",0,364
"1996",0,364
"1997",0,364
"1998",0,364
"1999",0,364
"2000",0,364
"2001",0,364
"2002",0,364
"2003",0,364
"2004",0,364
"2005",0,364
"2006",0,364
"2007",0,364
"2008",0,364
"1970",0,732
"1971",0,732
"1972",1,732
"1973",1,732
"1974",1,732
"1975",0,732
"1976",0,732
"1977",0,732
"1978",0,732
"1979",0,732
"1980",0,732
"1981",0,732
"1982",1,732
"1983",1,732
"1984",1,732
"1985",0,732
"1986",0,732
"1987",0,732
"1988",0,732
"1989",0,732
"1990",0,732
"1991",0,732
"1992",0,732
"1993",0,732
"1994",0,732
"1995",0,732
"1996",0,732
"1997",0,732
"1998",0,732
"1999",0,732
"2000",0,732
"2001",0,732
"2002",0,732
"2003",0,732
"2004",0,732
"2005",0,732
"2006",0,732
"2007",0,732
"2008",0,732
"1970",0,366
"1971",0,366
"1972",0,366
"1973",0,366
"1974",0,366
"1975",0,366
"1976",0,366
"1977",0,366
"1978",0,366
"1979",0,366
"1980",0,366
"1981",0,366
"1982",0,366
"1983",0,366
"1984",0,366
"1985",0,366
"1986",0,366
"1987",0,366
"1988",0,366
"1989",0,366
"1990",0,366
"1991",0,366
"1992",0,366
"1993",0,366
"1994",0,366
"1995",0,366
"1996",0,366
"1997",0,366
"1998",0,366
"1999",0,366
"2000",0,366
"2001",0,366
"2002",0,366
"2003",0,366
"2004",0,366
"2005",0,366
"2006",0,366
"2007",0,366
"2008",0,366
"1970",0,734
"1971",0,734
"1972",0,734
"1973",0,734
"1974",0,734
"1975",0,734
"1976",0,734
"1977",0,734
"1978",0,734
"1979",0,734
"1980",0,734
"1981",0,734
"1982",0,734
"1983",0,734
"1984",0,734
"1985",0,734
"1986",0,734
"1987",0,734
"1988",0,734
"1989",0,734
"1990",0,734
"1991",0,734
"1992",0,734
"1993",0,734
"1994",0,734
"1995",0,734
"1996",0,734
"1997",0,734
"1998",0,734
"1999",0,734
"2000",0,734
"2001",0,734
"2002",0,734
"2003",0,734
"2004",0,734
"2005",0,734
"2006",0,734
"2007",0,734
"2008",0,734
"1970",0,463
"1971",0,463
"1972",0,463
"1973",0,463
"1974",0,463
"1975",0,463
"1976",0,463
"1977",0,463
"1978",0,463
"1979",0,463
"1980",0,463
"1981",0,463
"1982",0,463
"1983",0,463
"1984",0,463
"1985",0,463
"1986",0,463
"1987",0,463
"1988",0,463
"1989",0,463
"1990",0,463
"1991",0,463
"1992",0,463
"1993",0,463
"1994",0,463
"1995",0,463
"1996",0,463
"1997",0,463
"1998",0,463
"1999",0,463
"2000",0,463
"2001",0,463
"2002",0,463
"2003",0,463
"2004",0,463
"2005",0,463
"2006",0,463
"2007",0,463
"2008",0,463
"1970",0,923
"1971",0,923
"1972",0,923
"1973",0,923
"1974",0,923
"1975",0,923
"1976",0,923
"1977",0,923
"1978",0,923
"1979",0,923
"1980",0,923
"1981",0,923
"1982",0,923
"1983",0,923
"1984",0,923
"1985",0,923
"1986",0,923
"1987",0,923
"1988",0,923
"1989",0,923
"1990",0,923
"1991",0,923
"1992",0,923
"1993",0,923
"1994",0,923
"1995",0,923
"1996",1,923
"1997",0,923
"1998",0,923
"1999",0,923
"2000",0,923
"2001",0,923
"2002",0,923
"2003",0,923
"2004",0,923
"2005",0,923
"2006",0,923
"2007",0,923
"2008",0,923
"1970",0,738
"1971",0,738
"1972",0,738
"1973",0,738
"1974",0,738
"1975",1,738
"1976",0,738
"1977",0,738
"1978",0,738
"1979",0,738
"1980",1,738
"1981",0,738
"1982",0,738
"1983",0,738
"1984",0,738
"1985",0,738
"1986",1,738
"1987",0,738
"1988",0,738
"1989",0,738
"1990",0,738
"1991",0,738
"1992",0,738
"1993",0,738
"1994",0,738
"1995",0,738
"1996",0,738
"1997",0,738
"1998",0,738
"1999",0,738
"2000",0,738
"2001",0,738
"2002",0,738
"2003",0,738
"2004",0,738
"2005",0,738
"2006",0,738
"2007",0,738
"2008",0,738
"1970",0,578
"1971",0,578
"1972",0,578
"1973",0,578
"1974",0,578
"1975",0,578
"1976",0,578
"1977",0,578
"1978",1,578
"1979",0,578
"1980",0,578
"1981",1,578
"1982",1,578
"1983",0,578
"1984",0,578
"1985",1,578
"1986",0,578
"1987",0,578
"1988",0,578
"1989",0,578
"1990",0,578
"1991",0,578
"1992",0,578
"1993",0,578
"1994",0,578
"1995",0,578
"1996",0,578
"1997",1,578
"1998",0,578
"1999",0,578
"2000",0,578
"2001",0,578
"2002",0,578
"2003",0,578
"2004",0,578
"2005",0,578
"2006",0,578
"2007",0,578
"2008",0,578
"1970",0,742
"1971",0,742
"1972",0,742
"1973",0,742
"1974",0,742
"1975",0,742
"1976",0,742
"1977",0,742
"1978",0,742
"1979",1,742
"1980",0,742
"1981",1,742
"1982",0,742
"1983",1,742
"1984",1,742
"1985",1,742
"1986",1,742
"1987",0,742
"1988",1,742
"1989",0,742
"1990",0,742
"1991",0,742
"1992",0,742
"1993",0,742
"1994",0,742
"1995",0,742
"1996",0,742
"1997",0,742
"1998",0,742
"1999",0,742
"2000",0,742
"2001",0,742
"2002",0,742
"2003",0,742
"2004",0,742
"2005",0,742
"2006",0,742
"2007",0,742
"2008",0,742
"1970",0,866
"1971",0,866
"1972",0,866
"1973",0,866
"1974",0,866
"1975",0,866
"1976",0,866
"1977",0,866
"1978",0,866
"1979",0,866
"1980",0,866
"1981",0,866
"1982",0,866
"1983",0,866
"1984",0,866
"1985",0,866
"1986",0,866
"1987",0,866
"1988",0,866
"1989",0,866
"1990",0,866
"1991",0,866
"1992",0,866
"1993",0,866
"1994",0,866
"1995",0,866
"1996",0,866
"1997",0,866
"1998",0,866
"1999",0,866
"2000",0,866
"2001",0,866
"2002",0,866
"2003",0,866
"2004",0,866
"2005",0,866
"2006",0,866
"2007",0,866
"2008",0,866
"1970",0,369
"1971",0,369
"1972",0,369
"1973",0,369
"1974",0,369
"1975",0,369
"1976",0,369
"1977",0,369
"1978",0,369
"1979",0,369
"1980",0,369
"1981",0,369
"1982",0,369
"1983",0,369
"1984",0,369
"1985",0,369
"1986",0,369
"1987",0,369
"1988",0,369
"1989",1,369
"1990",1,369
"1991",0,369
"1992",0,369
"1993",0,369
"1994",0,369
"1995",0,369
"1996",0,369
"1997",0,369
"1998",0,369
"1999",0,369
"2000",0,369
"2001",0,369
"2002",0,369
"2003",0,369
"2004",0,369
"2005",0,369
"2006",0,369
"2007",0,369
"2008",0,369
"1970",1,744
"1971",0,744
"1972",0,744
"1973",0,744
"1974",0,744
"1975",0,744
"1976",0,744
"1977",0,744
"1978",0,744
"1979",0,744
"1980",0,744
"1981",0,744
"1982",0,744
"1983",0,744
"1984",0,744
"1985",0,744
"1986",1,744
"1987",0,744
"1988",0,744
"1989",0,744
"1990",0,744
"1991",0,744
"1992",0,744
"1993",0,744
"1994",0,744
"1995",0,744
"1996",0,744
"1997",0,744
"1998",0,744
"1999",0,744
"2000",0,744
"2001",0,744
"2002",0,744
"2003",0,744
"2004",0,744
"2005",0,744
"2006",0,744
"2007",0,744
"2008",0,744
"1970",1,186
"1971",0,186
"1972",0,186
"1973",0,186
"1974",0,186
"1975",0,186
"1976",0,186
"1977",0,186
"1978",1,186
"1979",1,186
"1980",1,186
"1981",0,186
"1982",0,186
"1983",1,186
"1984",1,186
"1985",0,186
"1986",0,186
"1987",0,186
"1988",0,186
"1989",0,186
"1990",0,186
"1991",0,186
"1992",0,186
"1993",0,186
"1994",1,186
"1995",0,186
"1996",0,186
"1997",0,186
"1998",0,186
"1999",1,186
"2000",0,186
"2001",0,186
"2002",1,186
"2003",0,186
"2004",0,186
"2005",1,186
"2006",0,186
"2007",0,186
"2008",0,186
"1970",0,925
"1971",0,925
"1972",0,925
"1973",0,925
"1974",0,925
"1975",0,925
"1976",0,925
"1977",0,925
"1978",0,925
"1979",0,925
"1980",0,925
"1981",0,925
"1982",0,925
"1983",0,925
"1984",0,925
"1985",0,925
"1986",0,925
"1987",0,925
"1988",0,925
"1989",0,925
"1990",0,925
"1991",0,925
"1992",0,925
"1993",0,925
"1994",0,925
"1995",0,925
"1996",0,925
"1997",0,925
"1998",0,925
"1999",0,925
"2000",0,925
"2001",0,925
"2002",0,925
"2003",0,925
"2004",0,925
"2005",0,925
"2006",0,925
"2007",0,925
"2008",0,925
"1970",0,746
"1971",1,746
"1972",0,746
"1973",0,746
"1974",0,746
"1975",0,746
"1976",0,746
"1977",0,746
"1978",0,746
"1979",0,746
"1980",1,746
"1981",1,746
"1982",1,746
"1983",1,746
"1984",0,746
"1985",0,746
"1986",0,746
"1987",0,746
"1988",0,746
"1989",0,746
"1990",0,746
"1991",0,746
"1992",0,746
"1993",0,746
"1994",0,746
"1995",0,746
"1996",0,746
"1997",0,746
"1998",0,746
"1999",0,746
"2000",0,746
"2001",0,746
"2002",0,746
"2003",0,746
"2004",0,746
"2005",0,746
"2006",0,746
"2007",0,746
"2008",0,746
"1970",0,926
"1971",0,926
"1972",0,926
"1973",0,926
"1974",0,926
"1975",0,926
"1976",0,926
"1977",0,926
"1978",0,926
"1979",0,926
"1980",0,926
"1981",0,926
"1982",0,926
"1983",0,926
"1984",0,926
"1985",0,926
"1986",0,926
"1987",0,926
"1988",0,926
"1989",0,926
"1990",0,926
"1991",0,926
"1992",0,926
"1993",0,926
"1994",0,926
"1995",1,926
"1996",1,926
"1997",1,926
"1998",0,926
"1999",0,926
"2000",0,926
"2001",0,926
"2002",0,926
"2003",0,926
"2004",1,926
"2005",0,926
"2006",0,926
"2007",0,926
"2008",1,926
"1970",0,466
"1971",0,466
"1972",0,466
"1973",0,466
"1974",0,466
"1975",0,466
"1976",0,466
"1977",0,466
"1978",0,466
"1979",0,466
"1980",0,466
"1981",0,466
"1982",0,466
"1983",0,466
"1984",0,466
"1985",0,466
"1986",0,466
"1987",0,466
"1988",0,466
"1989",0,466
"1990",0,466
"1991",0,466
"1992",0,466
"1993",0,466
"1994",0,466
"1995",0,466
"1996",0,466
"1997",0,466
"1998",0,466
"1999",0,466
"2000",0,466
"2001",0,466
"2002",0,466
"2003",0,466
"2004",0,466
"2005",0,466
"2006",0,466
"2007",0,466
"2008",0,466
"1970",1,298
"1971",0,298
"1972",1,298
"1973",0,298
"1974",0,298
"1975",1,298
"1976",1,298
"1977",1,298
"1978",0,298
"1979",1,298
"1980",1,298
"1981",1,298
"1982",0,298
"1983",1,298
"1984",0,298
"1985",1,298
"1986",0,298
"1987",0,298
"1988",0,298
"1989",0,298
"1990",1,298
"1991",0,298
"1992",1,298
"1993",0,298
"1994",0,298
"1995",0,298
"1996",1,298
"1997",1,298
"1998",0,298
"1999",1,298
"2000",1,298
"2001",0,298
"2002",1,298
"2003",0,298
"2004",0,298
"2005",1,298
"2006",0,298
"2007",0,298
"2008",0,298
"1970",0,927
"1971",0,927
"1972",0,927
"1973",0,927
"1974",0,927
"1975",0,927
"1976",0,927
"1977",0,927
"1978",0,927
"1979",0,927
"1980",0,927
"1981",0,927
"1982",0,927
"1983",0,927
"1984",0,927
"1985",0,927
"1986",0,927
"1987",0,927
"1988",0,927
"1989",0,927
"1990",0,927
"1991",0,927
"1992",0,927
"1993",0,927
"1994",0,927
"1995",1,927
"1996",0,927
"1997",0,927
"1998",0,927
"1999",0,927
"2000",0,927
"2001",0,927
"2002",0,927
"2003",0,927
"2004",0,927
"2005",0,927
"2006",0,927
"2007",0,927
"2008",0,927
"1970",0,846
"1971",0,846
"1972",0,846
"1973",0,846
"1974",0,846
"1975",0,846
"1976",0,846
"1977",0,846
"1978",0,846
"1979",0,846
"1980",0,846
"1981",0,846
"1982",0,846
"1983",0,846
"1984",0,846
"1985",0,846
"1986",0,846
"1987",0,846
"1988",0,846
"1989",0,846
"1990",0,846
"1991",0,846
"1992",0,846
"1993",0,846
"1994",0,846
"1995",0,846
"1996",0,846
"1997",0,846
"1998",0,846
"1999",0,846
"2000",0,846
"2001",0,846
"2002",0,846
"2003",0,846
"2004",0,846
"2005",0,846
"2006",0,846
"2007",0,846
"2008",0,846
"1970",0,299
"1971",0,299
"1972",0,299
"1973",0,299
"1974",0,299
"1975",0,299
"1976",0,299
"1977",0,299
"1978",0,299
"1979",0,299
"1980",0,299
"1981",0,299
"1982",0,299
"1983",0,299
"1984",0,299
"1985",0,299
"1986",0,299
"1987",0,299
"1988",0,299
"1989",0,299
"1990",0,299
"1991",0,299
"1992",0,299
"1993",0,299
"1994",0,299
"1995",0,299
"1996",1,299
"1997",0,299
"1998",0,299
"1999",0,299
"2000",0,299
"2001",0,299
"2002",0,299
"2003",0,299
"2004",0,299
"2005",0,299
"2006",0,299
"2007",0,299
"2008",0,299
"1970",0,582
"1971",0,582
"1972",0,582
"1973",0,582
"1974",0,582
"1975",0,582
"1976",0,582
"1977",0,582
"1978",0,582
"1979",0,582
"1980",0,582
"1981",0,582
"1982",0,582
"1983",0,582
"1984",0,582
"1985",0,582
"1986",0,582
"1987",0,582
"1988",0,582
"1989",0,582
"1990",0,582
"1991",0,582
"1992",0,582
"1993",1,582
"1994",0,582
"1995",0,582
"1996",0,582
"1997",0,582
"1998",0,582
"1999",0,582
"2000",0,582
"2001",0,582
"2002",0,582
"2003",0,582
"2004",0,582
"2005",0,582
"2006",0,582
"2007",0,582
"2008",0,582
"1970",0,474
"1971",0,474
"1972",0,474
"1973",0,474
"1974",0,474
"1975",0,474
"1976",0,474
"1977",0,474
"1978",0,474
"1979",0,474
"1980",0,474
"1981",0,474
"1982",0,474
"1983",0,474
"1984",0,474
"1985",0,474
"1986",0,474
"1987",0,474
"1988",0,474
"1989",0,474
"1990",0,474
"1991",0,474
"1992",0,474
"1993",0,474
"1994",0,474
"1995",0,474
"1996",1,474
"1997",0,474
"1998",0,474
"1999",0,474
"2000",0,474
"2001",0,474
"2002",0,474
"2003",0,474
"2004",0,474
"2005",0,474
"2006",0,474
"2007",0,474
"2008",0,474
"1970",0,NA
"1971",1,NA
"1972",0,NA
"1973",0,NA
"1974",0,NA
"1975",0,NA
"1976",0,NA
"1977",0,NA
"1978",0,NA
"1979",1,NA
"1980",1,NA
"1981",1,NA
"1982",0,NA
"1983",0,NA
"1984",1,NA
"1985",1,NA
"1986",0,NA
"1987",0,NA
"1988",1,NA
"1989",0,NA
"1990",1,NA
"1991",0,NA
"1992",0,NA
"1993",0,NA
"1994",0,NA
"1995",0,NA
"1996",0,NA
"1997",0,NA
"1998",0,NA
"1999",0,NA
"2000",0,NA
"2001",1,NA
"2002",1,NA
"2003",0,NA
"2004",0,NA
"2005",0,NA
"2006",0,NA
"2007",0,NA
"2008",0,NA
"1970",0,754
"1971",0,754
"1972",0,754
"1973",1,754
"1974",0,754
"1975",0,754
"1976",1,754
"1977",0,754
"1978",1,754
"1979",0,754
"1980",0,754
"1981",0,754
"1982",0,754
"1983",1,754
"1984",1,754
"1985",0,754
"1986",1,754
"1987",0,754
"1988",0,754
"1989",0,754
"1990",0,754
"1991",0,754
"1992",0,754
"1993",0,754
"1994",0,754
"1995",0,754
"1996",0,754
"1997",0,754
"1998",0,754
"1999",0,754
"2000",0,754
"2001",0,754
"2002",0,754
"2003",0,754
"2004",0,754
"2005",0,754
"2006",0,754
"2007",0,754
"2008",0,754
"1970",0,698
"1971",0,698
"1972",0,698
"1973",0,698
"1974",0,698
"1975",0,698
"1976",0,698
"1977",0,698
"1978",0,698
"1979",0,698
"1980",0,698
"1981",1,698
"1982",0,698
"1983",1,698
"1984",0,698
"1985",0,698
"1986",0,698
"1987",0,698
"1988",0,698
"1989",0,698
"1990",0,698
"1991",0,698
"1992",0,698
"1993",0,698
"1994",0,698
"1995",0,698
"1996",0,698
"1997",0,698
"1998",1,698
"1999",1,698
"2000",0,698
"2001",0,698
"2002",0,698
"2003",0,698
"2004",0,698
"2005",0,698
"2006",0,698
"2007",0,698
"2008",0,698
